"By province","By economic activity","Item","UNIT","1985 Year","1986 Year","1987 Year","1988 Year","1989 Year","1990 Year","1991 Year","1992 Year","1993 Year","1994 Year","1995 Year","1996 Year","1997 Year","1998 Year","1999 Year","2000 Year","2001 Year","2002 Year","2003 Year","2004 Year","2005 Year","2006 Year","2007 Year","2008 Year","2009 Year","2010 Year","2011 Year","2012 Year","2013 Year","2014 Year","2015 Year","2016 Year","2017 Year","2018 Year","2019 Year","2020 Year","2021 Year","2022 Year","2023 Year","2024 Year",
"Seoul","GRDP at market prices","At current prices","","23894954","28300476","33326065","39099738","45269775","55301191","67241255","76204066","87267780","100628944","115489968","126685169","138846634","138569635","150844167","171126042","185951016","207221485","220525293","227984560","240165211","254845589","277068235","293244064","305877383","326942113","339841574","348077389","355173174","365436782","386818107","407074525","427092668","451385832","465940680","472863219","507460707","528484481","553011544","575035349",
"Seoul","GRDP at market prices","At chained 2020 year prices","","84551426","93984779","107015808","118718686","128135239","141429904","154609161","166740762","179822791","190793490","203696853","215433991","226124622","217654575","236996716","261575370","273292508","292063517","296817704","301533949","314613195","328443613","348285726","356180881","361203536","373707627","385357097","390618905","398144419","404439495","416886307","431299923","442507582","460496443","475206455","472863219","491388714","504359507","509686916","514920631",
"Seoul","GRDP at market prices","Substantial contribution","","","11.16","13.87","10.94","7.93","10.38","9.32","7.85","7.85","6.1","6.76","5.76","4.96","-3.75","8.89","10.37","4.48","6.87","1.63","1.59","4.34","4.4","6.04","2.27","1.41","3.46","3.12","1.37","1.93","1.58","3.08","3.46","2.6","4.07","3.19","-.49","3.92","2.64","1.06","1.03",
"Seoul","Mining and quarrying","At current prices","","14146","9483","4337","15166","2992","2277","8007","3202","9491","10552","9916","10237","7444","30527","9143","27023","15504","32730","15827","17230","41825","42250","40552","36756","42397","70735","69803","76004","73024","6110","5601","4108","3154","8587","7910","9047","9815","12163","6751","7033",
"Seoul","Mining and quarrying","At chained 2020 year prices","","103512","59571","26974","95477","17703","10792","31210","13752","39146","37575","30770","29358","19519","75670","23776","76187","42005","65349","38127","41705","53599","55841","49752","43216","51002","93404","80497","86481","78763","6675","5721","4019","2921","8122","7504","9047","11713","14091","6276","6135",
"Seoul","Mining and quarrying","Substantial contribution","","","-.03","-.02",".03","-.03","0",".01","-.01",".01","0","0","0","0",".02","-.02",".01","-.01","0","-.01","0","0","0","0","0","0",".01","0","0","0","-.02","0","0","0","0","0","0","0","0","0","0",
"Seoul","Manufacturing","At current prices","","2459728","3059710","3824234","4243650","4163422","4413146","5022123","6265903","6996077","8008016","9050574","9697360","9462833","8432640","8723987","10138107","10105242","11645505","12385395","12117801","13117734","13499764","15242541","14720667","15978150","16957194","17519990","19401323","19459864","19295312","19576443","20742563","21780217","22211599","21477153","19684474","20340269","20197325","20144396","21227294",
"Seoul","Manufacturing","At chained 2020 year prices","","6609647","7705147","9409280","9693457","9020924","9424744","9608189","11177562","11578086","12034730","12506777","13435199","12525754","10134914","11147245","12946887","12928172","15063886","16059833","14988336","16330929","17448442","18506261","18257732","17748689","19156673","19403231","21396347","21182261","20926960","20701569","20701158","21529835","21660078","21462062","19684474","20323280","20175264","19548126","19488647",
"Seoul","Manufacturing","Substantial contribution","","","1.71","2.39",".35","-.75",".41",".16","1.22",".29",".32",".31",".58","-.52","-1.3",".61",".93","-.01",".9",".37","-.37",".48",".37",".32","-.07","-.14",".41",".07",".53","-.06","-.07","-.06","0",".2",".03","-.04","-.38",".14","-.03","-.12","-.01",
"Seoul","Manufacture of Food Products and Tobacco Products","At current prices","","207612","225750","270693","295954","299067","327036","352393","416833","468880","492529","463695","448526","476323","465299","415316","475560","455888","512804","500568","486055","402711","347099","413560","416668","392856","371644","384395","409547","397481","444940","430833","481972","482820","484952","590695","614946","617191","658559","763545","866004",
"Seoul","Manufacture of Food Products and Tobacco Products","At chained 2020 year prices","","1181667","1233421","1375493","1430458","1293243","1230273","1185308","1295576","1289578","1184740","1109328","1033433","1043494","868904","760249","861117","824609","890843","848087","766511","630797","534220","578165","583277","593834","459061","449220","489205","461665","492559","462362","496023","496624","489329","600351","614946","638900","703936","704463","782990",
"Seoul","Manufacture of Food Products and Tobacco Products","Substantial contribution","","",".04",".09",".03","-.07","-.03","-.02",".05","0","-.04","-.03","-.03","0","-.06","-.04",".04","-.01",".02","-.01","-.02","-.04","-.03",".01","0","0","-.03","0",".01","-.01",".01","-.01",".01","0","0",".02","0",".01",".01","0",".02",
"Seoul","Manufacture of Textiles and Leather","At current prices","","534411","725090","996004","992633","912855","973376","1243289","1597351","1850280","2130756","2444470","2613729","2591616","2059723","2512753","3032067","3436416","3936432","3965569","4173385","4424550","4512025","5025200","5361473","6297367","6710527","7066259","8057063","7856803","7989265","7653000","7691171","7159826","7135403","7220648","6439390","6445283","6872879","6887718","7056524",
"Seoul","Manufacture of Textiles and Leather","At chained 2020 year prices","","2502058","3118940","3901159","3737483","3298361","3434836","3616410","4064778","4244890","4505349","4829291","4880176","4499569","3147462","4101653","4937860","5570690","6769053","6699320","6814491","7350268","7856758","8116714","8622648","8250019","8757852","8881889","10200215","9836113","9940731","9243126","8062996","7928303","7572593","7241425","6439390","6563268","6976833","5808760","5984100",
"Seoul","Manufacture of Textiles and Leather","Substantial contribution","","",".55",".64","-.13","-.3",".08",".09",".23",".09",".13",".15",".02","-.16","-.56",".45",".34",".23",".4","-.02",".03",".14",".13",".06",".11","-.08",".13",".03",".31","-.08",".02","-.15","-.25","-.03","-.08","-.07","-.17",".03",".08","-.22",".04",
"Seoul","Manufacture of Wood and  of Paper, printing and reproduction","At current prices","","164753","196333","247567","321137","336883","307183","350846","475429","557667","675069","812415","835426","825485","716438","873384","831505","871943","1085737","1000144","1010581","1389467","1408660","1478866","1478722","1444939","1377552","1408120","1492979","1482113","1533668","1584944","1904899","1869834","2143502","2342338","1790341","1826191","1988285","1843604","1788094",
"Seoul","Manufacture of Wood and  of Paper, printing and reproduction","At chained 2020 year prices","","545160","592935","713718","844952","861512","749265","758921","960336","1031148","1053479","1200493","1234354","1218478","1002335","1113376","1056307","1016452","1202977","1137831","1093213","1510360","1487233","1449969","1512358","1490292","1530834","1546484","1655659","1606437","1620156","1650566","1944290","1878743","2039160","2280202","1790341","1764735","1835874","1635158","1549775",
"Seoul","Manufacture of Wood and  of Paper, printing and reproduction","Substantial contribution","","",".06",".14",".14",".02","-.1",".01",".14",".05",".01",".09",".02","-.01","-.11",".06","-.03","-.02",".09","-.03","-.02",".17","-.01","-.01",".02","-.01",".01","0",".03","-.01","0",".01",".07","-.02",".04",".06","-.11","-.01",".01","-.04","-.02",
"Seoul","Manufacture of coal, fuel, chemical products","At current prices","","553289","675238","720955","785790","699603","660178","825947","977451","1047468","963024","1039323","1041603","1005787","1060124","720442","796710","750456","957129","962596","980178","1009628","873166","1114583","928116","1058221","1329837","1082445","1324754","1288689","1557159","1671730","1964137","2076703","1715656","1624548","1920939","2091724","1727090","1688441","1725424",
"Seoul","Manufacture of coal, fuel, chemical products","At chained 2020 year prices","","1074346","1153127","1218031","1251501","1090175","1097826","1158541","1329861","1340270","1235842","1209106","1239960","1113086","1034457","797132","910401","870636","1069715","1032853","957471","938940","848112","832570","976875","1186424","1538137","1215516","1450069","1405000","1681084","1700149","1954514","2129187","1784024","1683728","1920939","1892929","1585973","1575801","1641141",
"Seoul","Manufacture of coal, fuel, chemical products","Substantial contribution","","",".17",".13",".06","-.26",".01",".07",".18",".01","-.09","-.02",".02","-.08","-.05","-.18",".07","-.02",".09","-.02","-.03","-.01","-.04","-.01",".07",".07",".1","-.09",".06","-.01",".07","0",".06",".04","-.08","-.02",".05","-.01","-.07","0",".01",
"Seoul","Manufacture of Other Non-metallic Mineral Products and Metal Products","At current prices","","267043","282315","305127","359158","386428","387693","424570","559305","591443","634538","679349","631861","656413","526361","613984","545844","540252","650437","687440","879128","939885","1061074","1208228","964934","908267","902513","942481","971397","919108","961496","906618","1114061","980877","958602","1031366","912560","973606","956042","997584","999568",
"Seoul","Manufacture of Other Non-metallic Mineral Products and Metal Products","At chained 2020 year prices","","1374242","1354383","1344922","1380118","1487067","1532060","1414235","1909496","1828907","1910516","1860306","1736198","1713004","1203722","1483850","1302661","1241323","1452948","1502798","1748565","1852553","1836357","1838065","1084579","1131198","974608","984122","1013760","944754","984866","946761","1134193","1011316","995686","1042987","912560","815026","655371","619361","581930",
"Seoul","Manufacture of Other Non-metallic Mineral Products and Metal Products","Substantial contribution","","","-.02","-.01",".02",".07",".03","-.05",".22","-.03",".03","-.02","-.04","-.01","-.14",".09","-.05","-.02",".05",".01",".05",".02","0","0","-.18",".01","-.04","0",".01","-.02",".01","-.01",".05","-.03","0",".01","-.03","-.02","-.04","-.01","-.01",
"Seoul","Manufacture of electrical, Precision Instruments","At current prices","","402848","506804","698347","843084","854052","1089703","1102168","1286883","1453859","1943647","2403143","2781569","2638016","2464750","2388749","2819650","2589804","3007814","3775970","3068344","3270166","3477506","3847193","3715332","3916718","4168677","4336540","4726776","5055291","4345930","4699920","5100770","6843746","6889324","6050424","5553559","5862775","5659201","5719260","6201877",
"Seoul","Manufacture of electrical, Precision Instruments","At chained 2020 year prices","","463031","601207","886054","957835","909074","1109387","1133065","1292462","1366047","1577423","1752424","2179977","2037823","1812595","1914788","2306919","2233519","2607079","3402044","2678336","2913243","3342290","3792905","3830992","3510207","3976112","4144089","4387858","4578744","3990569","4268840","4688032","5616350","5777579","5935114","5553559","5911730","5963376","7230857","6778225",
"Seoul","Manufacture of electrical, Precision Instruments","Substantial contribution","","",".5",".85",".17","-.11",".42",".04",".23",".1",".26",".21",".51","-.14","-.21",".1",".32","-.05",".23",".44","-.36",".12",".2",".18",".01","-.11",".17",".05",".08",".06","-.18",".08",".12",".25",".05",".04","-.08",".08",".01",".23","-.06",
"Seoul","Manufacture of Machine and Transport Vehicles, other manufacturing n.e.c","At current prices","","329772","448180","585541","645894","674534","667977","722910","952651","1026480","1168453","1208179","1344646","1269193","1139945","1199359","1636771","1460483","1495152","1493108","1520130","1681327","1820234","2154911","1855422","1959782","2096444","2299750","2418807","2460379","2462854","2629398","2485553","2366411","2884160","2617134","2452739","2523499","2335269","2244244","2589803",
"Seoul","Manufacture of Machine and Transport Vehicles, other manufacturing n.e.c","At chained 2020 year prices","","890838","1148717","1540123","1583728","1487308","1492307","1520199","1760742","1877748","1911952","1780923","1909748","1696993","1371360","1586029","2074284","1818932","1864583","1848881","1791839","1974960","2327299","2611210","2221336","2108606","2347363","2583730","2724011","2794493","2794237","2871184","2622422","2577652","3074113","2656989","2452739","2736692","2506760","2077933","2161486",
"Seoul","Manufacture of Machine and Transport Vehicles, other manufacturing n.e.c","Substantial contribution","","",".4",".54",".05","-.1",".01",".02",".17",".08",".02","-.08",".08","-.12","-.18",".13",".24","-.12",".02","-.01","-.02",".07",".12",".09","-.12","-.03",".07",".06",".04",".02","0",".02","-.06","-.01",".11","-.09","-.04",".06","-.04","-.08",".02",
"Seoul","Professional, scientific and technical activities","At current prices","","948093","1153915","1249455","1332914","1574882","2326905","3459038","3754008","5102700","6574112","7402485","7681147","8679982","9493616","10351214","11224351","12199729","14160338","17392303","18109553","17556155","20228296","22704381","24981433","26270031","27299912","27568426","27687351","28874193","30075463","32149261","34079187","36169447","39148247","41250655","43553636","47949041","51319062","57553185","58500286",
"Seoul","Professional, scientific and technical activities","At chained 2020 year prices","","6181773","6895619","7226412","8220957","8938348","10519913","11551567","12548972","14032314","15286469","15141753","16321065","17511075","18080753","19730555","20826692","22853589","24826856","26487556","27284412","28986084","32768398","35805866","35462974","35633985","34531322","33945675","33171488","34337484","35483195","37098347","39250522","39902635","41854102","42642506","43553636","45574178","47064685","49392729","48680510",
"Seoul","Professional, scientific and technical activities","Substantial contribution","","",".46",".2",".52",".3",".62",".41",".44",".58",".52","-.06",".5",".44",".2",".63",".38",".64",".57",".46",".24",".5",".95",".74","-.08",".04","-.27","-.14","-.19",".28",".27",".37",".48",".14",".41",".16",".19",".43",".31",".48","-.15",
"Seoul","Business facilities management and business support services; rental and leasing activities","At current prices","","533300","724091","966109","1274921","1626320","2236906","2920989","3234819","3617935","4649550","5594419","6478188","8001887","8162182","7277822","8344624","8450134","9798592","10862787","11846747","12740616","13774004","15706607","17006048","16064391","18910064","20030855","20193510","20647899","21316483","22480883","24399526","25904352","28760409","30835364","28032054","27258841","28848482","32731567","33940022",
"Seoul","Business facilities management and business support services; rental and leasing activities","At chained 2020 year prices","","1875808","2227930","2718650","3323755","3903446","4111250","4569151","4994983","5356529","6130971","6578030","7763789","8489499","8976570","11292507","12571223","12635486","14132461","15619231","16674942","17116302","17305690","20054678","20971890","19590959","22296050","23813123","23316479","23720103","23960142","24246325","26063636","27478132","29723889","31522533","28032054","26859279","27090124","28972029","29583112",
"Seoul","Business facilities management and business support services; rental and leasing activities","Substantial contribution","","",".42",".56",".65",".57",".19",".45",".4",".31",".6",".34",".87",".48",".33","1.52",".55",".02",".54",".5",".33",".14",".06",".86",".26","-.38",".73",".39","-.12",".1",".06",".07",".44",".33",".5",".39","-.73","-.25",".05",".38",".12",
"Busan","GRDP at market prices","At current prices","","7277759","8238874","9534320","10962365","11931482","14854415","17518898","18846969","20817347","23888581","27764713","30939937","33406207","34064701","36352695","38204973","42872522","46092725","50404904","54200150","56159750","58288878","62940006","68124996","67772122","71127712","72595737","75333475","77941129","82824354","88748972","92379867","93177783","96494588","99530641","98225367","106510275","113844056","116365537","121066923",
"Busan","GRDP at market prices","At chained 2020 year prices","","23347627","25675464","28321174","31017664","31521782","36060447","38396543","38570528","40536998","43121875","47254766","49859716","51257871","48876024","54921141","57257388","61423470","64264520","66659883","68461182","70874644","73577989","77619311","79672491","76973870","80990869","83097019","85205751","86953935","90937348","94037092","96661499","96123065","99017683","101231135","98225367","100759135","102497863","105247283","108065523",
"Busan","GRDP at market prices","Substantial contribution","","","9.97","10.3","9.52","1.63","14.4","6.48",".45","5.1","6.38","9.58","5.51","2.8","-4.65","12.37","4.25","7.28","4.63","3.73","2.7","3.53","3.81","5.49","2.65","-3.39","5.22","2.6","2.54","2.05","4.58","3.41","2.79","-.56","3.01","2.24","-2.97","2.58","1.73","2.68","2.68",
"Busan","Mining and quarrying","At current prices","","18426","8224","2486","16264","9432","11856","10359","19040","17275","13220","7388","10460","9611","11348","11252","13938","21730","17874","17833","13143","15450","7965","7555","9732","6606","10431","16539","22225","18288","16778","16973","17071","24219","11872","5561","8720","8676","5976","6250","4991",
"Busan","Mining and quarrying","At chained 2020 year prices","","58352","22526","6853","46105","26582","24400","18839","35007","31885","21174","11784","16639","14421","16082","17634","23000","27103","22325","24156","20252","21464","11734","10601","13256","10104","14576","19991","26280","20617","19092","17053","16511","22262","11132","5240","8720","9179","5753","4778","3684",
"Busan","Mining and quarrying","Substantial contribution","","","-.16","-.07",".15","-.06","-.01","-.02",".05","-.01","-.03","-.02",".01","0","0","0",".01",".01","-.01","0","-.01","0","-.01","0","0","0","0",".01",".01","-.01","0","0","0",".01","-.01","-.01","0","0","0","0","0",
"Busan","Manufacturing","At current prices","","2283412","2693305","3135331","3563898","3462193","4299524","4794917","4720959","5001780","5486410","6069117","6009241","6267391","6391316","6781647","7004912","7308212","7891371","7983567","8946960","9349649","9891903","10902427","11895599","11979764","13108495","13584596","13814877","14078915","14826141","16171653","16938788","16190975","16222246","16309308","15330176","16472685","18183413","18602778","20132132",
"Busan","Manufacturing","At chained 2020 year prices","","6798631","7457703","8166583","8634988","8002225","9803073","9714111","8903425","8793419","8918253","9257037","9055457","9006204","8133184","9281232","9503309","9814665","10676379","10679641","11099028","11610652","12488875","14035471","14532799","12652258","14671331","14769342","14950945","15063913","15881954","16867056","17139618","16453106","16462692","16448961","15330176","15715839","16221933","15878622","16387278",
"Busan","Manufacturing","Substantial contribution","","","3.04","3.11","1.89","-2.38","6.53","-.26","-2.28","-.31",".34",".87","-.48","-.11","-1.82","2.65",".45",".6","1.5",".01",".62",".76","1.26","2.1",".61","-2.26","2.82",".12",".23",".14",".98","1.11",".29","-.73",".01","-.01","-1.11",".39",".5","-.34",".51",
"Busan","Manufacture of Food Products and Tobacco Products","At current prices","","113458","133378","132887","128527","140704","182132","206958","221169","260910","317652","304818","282444","291582","327821","325198","369149","389142","372054","390742","483922","417964","392443","362032","426501","435163","489096","511816","512063","581949","629328","710442","752306","771053","862851","873792","856594","918158","998574","1055844","1115816",
"Busan","Manufacture of Food Products and Tobacco Products","At chained 2020 year prices","","644899","732235","673306","620576","605217","686229","706326","692981","723430","769283","739434","660396","649400","620353","603362","681512","719013","661770","677389","779917","674247","563088","648920","550045","527858","600652","585005","617080","683604","698876","761966","774137","792956","870610","887914","856594","950292","1067696","976144","1010953",
"Busan","Manufacture of Food Products and Tobacco Products","Substantial contribution","","",".21","-.13","-.11","-.03",".16",".04","-.02",".05",".08","-.05","-.12","-.02","-.04","-.03",".12",".05","-.07",".02",".12","-.12","-.12",".1","-.09","-.03",".09","-.02",".04",".07",".02",".07",".01",".02",".08",".02","-.03",".1",".11","-.08",".03",
"Busan","Manufacture of Textiles and Leather","At current prices","","1017164","1229175","1438690","1566218","1367056","1653294","1636767","1667344","1532384","1465305","1344513","1342638","1492709","1490117","1762975","1588577","1580200","1485667","1219398","1224504","1157130","1138481","1143029","1097993","1115800","1268319","1299232","1253689","1373856","1411009","1364557","1362801","1306137","1221945","1154377","1104070","1015129","1115731","1078455","1092426",
"Busan","Manufacture of Textiles and Leather","At chained 2020 year prices","","3452238","3832857","4083447","4273577","3580265","4234605","3463857","3081487","2554523","2251653","1931089","1822376","1884117","1655101","2092110","1881691","1863398","1859329","1499251","1455138","1399141","1447577","1582815","1528636","1399254","1544859","1525513","1489097","1603311","1643720","1564934","1375822","1393161","1281760","1157005","1104070","1042889","1089656","913976","955506",
"Busan","Manufacture of Textiles and Leather","Substantial contribution","","","1.54",".98",".7","-2.32","2.09","-2.03","-1.03","-1.51","-.87","-.87","-.27",".15","-.54","1.15","-.49","-.04","-.01","-.62","-.07","-.09",".07",".18","-.06","-.14",".17","-.02","-.04",".13",".04","-.08","-.19",".02","-.11","-.12","-.05","-.06",".04","-.16",".04",
"Busan","Manufacture of Wood and  of Paper, printing and reproduction","At current prices","","80765","85641","102813","133263","140321","155451","174883","176217","216845","250244","249563","231127","215256","177779","234253","213965","239394","261412","239227","238105","260555","260426","264168","317617","291359","268583","296042","282982","290077","304406","326076","369339","317385","312229","325132","328212","346586","355604","364695","397066",
"Busan","Manufacture of Wood and  of Paper, printing and reproduction","At chained 2020 year prices","","133632","129322","148291","175377","179212","189470","188968","177878","200390","195140","184306","170479","158717","124241","149166","135786","139412","144694","135963","128675","141482","215625","214786","272764","318624","310335","327079","311595","305751","314715","331959","378596","332104","302231","319467","328212","321243","300281","291030","324264",
"Busan","Manufacture of Wood and  of Paper, printing and reproduction","Substantial contribution","","","-.04",".15",".2",".03",".07","0","-.06",".12","-.03","-.06","-.07","-.05","-.14",".1","-.06",".01",".02","-.03","-.03",".04",".24","0",".11",".08","-.01",".02","-.02","-.01",".01",".02",".05","-.05","-.03",".02",".01","-.01","-.02","-.01",".04",
"Busan","Manufacture of coal, fuel, chemical products","At current prices","","253393","310943","325516","387177","375208","414180","506103","497627","552307","565735","616999","610211","622381","652388","612435","555878","574442","662247","649805","737739","857573","827807","922665","828867","973673","1078226","1194970","1288020","1315616","1422608","1695403","1767514","1758375","1681239","1747294","1699447","1863797","1877691","1926522","2066128",
"Busan","Manufacture of coal, fuel, chemical products","At chained 2020 year prices","","603124","650712","672589","753837","715015","842938","904466","859793","900521","928583","921782","936659","889043","819640","876517","828221","873235","977719","915377","937081","1039698","1191429","1191744","1197647","1089947","1293420","1377662","1448661","1486404","1600065","1785961","1819498","1866321","1802745","1812790","1699447","1796803","1739806","1697864","1790530",
"Busan","Manufacture of coal, fuel, chemical products","Substantial contribution","","",".27",".13",".41","-.18",".56",".2","-.14",".13",".08","-.02",".04","-.1","-.15",".13","-.09",".08",".16","-.09",".03",".15",".22","0",".01","-.11",".27",".1",".08",".04",".13",".2",".04",".05","-.06",".01","-.11",".1","-.06","-.04",".09",
"Busan","Manufacture of Other Non-metallic Mineral Products and Metal Products","At current prices","","391877","471844","561380","653538","678468","868664","1069782","905486","1162583","1236814","1512249","1433280","1389316","1407842","1425527","1559848","1642806","1864584","2080637","2641162","2757711","2865933","3204331","3859447","3468657","3945489","4147280","4219195","4047915","4229112","4178903","4105650","3974217","3924654","3987021","3768645","4937739","5236453","5551292","5592632",
"Busan","Manufacture of Other Non-metallic Mineral Products and Metal Products","At chained 2020 year prices","","1574182","1817863","1927476","1906662","1992490","2591596","2727476","2416279","2741488","2816456","3160143","3004632","2795871","2484672","2610240","2818275","2883345","3224401","3463024","3776701","3886392","4034758","4694423","4660779","3987092","3974471","3990359","4102457","3942456","4186886","4295768","4123770","3928313","3856074","3922002","3768645","3629468","3165654","3304986","3294257",
"Busan","Manufacture of Other Non-metallic Mineral Products and Metal Products","Substantial contribution","","",".83",".35","-.06",".27","1.71",".31","-.7",".65",".15",".63","-.27","-.32","-.46",".21",".31",".09",".45",".3",".37",".14",".19",".8","-.04","-.82","-.02",".02",".16","-.22",".32",".13","-.19","-.21","-.08",".07","-.16","-.14","-.59",".2","-.02",
"Busan","Manufacture of electrical, Precision Instruments","At current prices","","58622","77518","94251","109282","129830","175841","207277","207513","211379","328688","424306","396690","476847","463459","551526","672119","680875","772476","788864","1027418","1055423","1134625","1431998","1221187","1370259","1457772","1400500","1693543","1810313","1857316","2060929","2027746","2200884","2223575","2435625","2493095","2500472","2708477","2522638","2969617",
"Busan","Manufacture of electrical, Precision Instruments","At chained 2020 year prices","","40111","55090","71449","73433","80666","106204","132329","127549","122274","163003","190632","195357","234411","216761","284500","364246","396918","463238","497024","629555","687274","767718","1250525","1269126","1422747","1455670","1393024","1655022","1740934","1829590","1979139","1939895","1977360","2025108","2433646","2493095","2559793","2818603","2896428","3054251",
"Busan","Manufacture of electrical, Precision Instruments","Substantial contribution","","",".3",".28",".03",".1",".34",".29","-.04","-.05",".34",".23",".04",".26","-.11",".43",".43",".16",".27",".12",".42",".17",".22","1.22",".03",".22",".05","-.09",".36",".12",".12",".18","-.05",".04",".06",".46",".06",".07",".24",".07",".12",
"Busan","Manufacture of Machine and Transport Vehicles, other manufacturing n.e.c","At current prices","","368133","384806","479794","585893","630606","849962","993147","1045603","1065372","1321972","1616669","1712851","1779300","1871910","1869733","2045376","2201353","2472931","2614894","2594110","2843293","3272188","3574204","4143987","4324853","4601010","4734756","4565385","4659189","4972362","5835343","6553432","5862924","5995753","5786067","5080113","4890804","5890883","6103332","6898447",
"Busan","Manufacture of Machine and Transport Vehicles, other manufacturing n.e.c","At chained 2020 year prices","","1156066","1136925","1467521","1677328","1599900","2082448","2420424","2296713","2423944","2702479","3194640","3291032","3279079","3044730","3403848","3556792","3717474","4207532","4454271","4264941","4675499","5079267","4889097","5444989","4133702","5606322","5701905","5391816","5393485","5699858","6257744","6842637","6259360","6416035","5929570","5080113","5415351","6335960","5939778","6176307",
"Busan","Manufacture of Machine and Transport Vehicles, other manufacturing n.e.c","Substantial contribution","","","-.08","1.36",".72","-.25","1.59",".93","-.29",".31",".59","1.01",".18","-.02","-.38",".65",".23",".24",".68",".31","-.22",".46",".44","-.21",".65","-1.46","2.27",".11","-.35","0",".34",".59",".61","-.6",".16","-.47","-.83",".34",".78","-.32",".21",
"Busan","Professional, scientific and technical activities","At current prices","","119260","146248","159701","167681","199228","249945","382702","619913","684405","721745","811601","911024","995450","1008573","947870","1049065","1075972","1100514","1504893","1750183","1877589","2026598","2162268","2497315","2725778","2781713","2876543","3085335","3227037","3443642","3793155","3632608","3502627","3799311","4447315","4790139","4904964","5275338","6045809","6172355",
"Busan","Professional, scientific and technical activities","At chained 2020 year prices","","763266","907029","922751","1012998","1012080","1172892","1684071","1892936","2341197","2110804","2254726","2372565","2518569","2402919","2262221","2439493","2496905","2399737","2833801","3165907","3630382","3737702","3851276","3923436","3987333","3765323","3776009","3901179","4056003","4299903","4592238","4339091","3982462","4164647","4625527","4790139","4590979","4681838","5043265","4971747",
"Busan","Professional, scientific and technical activities","Substantial contribution","","",".31",".03",".16","0",".27",".73",".27",".78","-.32",".21",".15",".18","-.14","-.17",".2",".06","-.1",".43",".35",".47",".1",".11",".06",".06","-.22",".01",".13",".16",".25",".28","-.24","-.32",".17",".44",".16","-.2",".09",".36","-.07",
"Busan","Business facilities management and business support services; rental and leasing activities","At current prices","","51795","71713","99115","139093","175931","193977","246065","315997","376805","389809","463514","539762","634713","706444","587346","633044","612576","631873","811386","971769","1083252","1471173","1519545","1713015","1696749","1910690","1914603","2010701","2309714","2743061","3160548","3224172","3565671","3811618","3948018","3395222","3437491","3807877","4071467","4262133",
"Busan","Business facilities management and business support services; rental and leasing activities","At chained 2020 year prices","","133012","184719","236897","271076","295630","305965","401318","438527","554464","533491","572199","685552","775440","837119","895607","937005","899033","902527","1152104","1311263","1389737","1875083","1969522","2141315","2095846","2281672","2319085","2354417","2691242","3126603","3462158","3508077","3843410","3985974","4074738","3395222","3382999","3594791","3661109","3753674",
"Busan","Business facilities management and business support services; rental and leasing activities","Substantial contribution","","",".28",".25",".15",".11",".05",".41",".13",".44","-.07",".12",".33",".23",".15",".14",".07","-.07",".01",".38",".22",".11",".67",".13",".21","-.05",".22",".04",".04",".38",".48",".36",".05",".33",".14",".09","-.66","-.01",".2",".06",".09",
"Daegu","GRDP at market prices","At current prices","","4080291","4869093","5805304","6617949","7422126","9211696","10650417","11825377","12921708","15267534","17630254","19758738","21767428","20937830","22693036","24759267","26455799","28700889","30448453","33029987","34270388","36069193","38564227","39783162","40600908","43460748","45685977","47968778","50155964","52255184","56003260","57550511","59404957","60778388","62510363","62597844","66531828","70327334","72359049","74524312",
"Daegu","GRDP at market prices","At chained 2020 year prices","","15644498","17390031","19626741","21207228","22194153","25248423","26132643","26582988","27572289","29896396","32286677","34448421","36360587","32950109","36054484","38222898","39080125","40786831","41639218","43975341","44982348","46334493","48529956","49121571","47845011","50816942","52566711","54473853","56400530","57929076","60132325","60452128","61561805","62307884","63321613","62597844","65647017","67070053","67161010","66631619",
"Daegu","GRDP at market prices","Substantial contribution","","","11.16","12.86","8.05","4.65","13.76","3.5","1.72","3.72","8.43","8","6.7","5.55","-9.38","9.42","6.01","2.24","4.37","2.09","5.61","2.29","3.01","4.74","1.22","-2.6","6.21","3.44","3.63","3.54","2.71","3.8",".53","1.84","1.21","1.63","-1.14","4.87","2.17",".14","-.79",
"Daegu","Mining and quarrying","At current prices","","329","113","196","235","252","58","244","140","169","178","766","1692","1868","1079","1074","1330","2093","3178","2604","2324","2977","2560","2561","2193","1506","1643","2700","7276","2390","2219","1665","1785","2221","1806","1385","1857","1141","931","989","9495",
"Daegu","Mining and quarrying","At chained 2020 year prices","","1511","446","773","950","970","162","602","351","423","386","1644","3612","3749","2039","2239","2738","4236","5592","5291","4899","5283","5185","4894","3462","2425","2353","3302","8701","2715","2553","1674","1729","2041","1693","1305","1857","1207","897","756","7024",
"Daegu","Mining and quarrying","Substantial contribution","","","-.01","0","0","0","0","0","0","0","0","0",".01","0","0","0","0","0","0","0","0","0","0","0","0","0","0","0",".01","-.01","0","0","0","0","0","0","0","0","0","0",".01",
"Daegu","Manufacturing","At current prices","","1550171","1916267","2338512","2554782","2678822","3071145","3224019","3115108","3082559","3525014","4367898","4564055","4911966","4613572","5005185","5332207","5045245","5432142","5423722","6206392","6644313","6857344","7323989","7266323","7568067","8807664","9620704","10307221","10934748","11163821","11801795","12086896","12405853","12342229","12181816","11359915","12169731","13592386","14061913","14779909",
"Daegu","Manufacturing","At chained 2020 year prices","","4483736","5139550","5922595","6054608","6033824","6781696","6296056","5557998","5171369","5427286","6378503","6534492","6701913","5584446","6532022","6907173","6437835","6985842","6913290","7474819","8010560","8173289","8654787","8927865","8210708","10142005","10770078","11445837","11931595","12162711","12458632","12325177","12713536","12663243","12320482","11359915","12105463","12641645","12402306","12304330",
"Daegu","Manufacturing","Substantial contribution","","","5.56","6",".9","-.13","4.47","-2.39","-3.55","-1.83","1.18","4.05",".61",".59","-3.76","3.74","1.27","-1.46","1.62","-.2","1.45","1.35",".39","1.12",".6","-1.47","4.38","1.26","1.32",".91",".42",".52","-.23",".66","-.08","-.55","-1.52","1.19",".81","-.37","-.15",
"Daegu","Manufacture of Food Products and Tobacco Products","At current prices","","60191","60292","67274","78169","90489","96371","88554","95528","113121","118885","149155","151935","147219","172955","168454","180156","200874","226929","246721","266060","274417","263426","252171","262399","267308","282184","333292","334747","401971","407093","418508","422424","434548","484350","483633","503627","500984","509038","542724","544567",
"Daegu","Manufacture of Food Products and Tobacco Products","At chained 2020 year prices","","241671","233818","240767","266593","274907","256458","213464","211403","221406","203307","255536","250889","231536","231165","220743","234884","262094","285015","302022","302779","312615","386279","274389","371944","322681","345646","384484","403753","473784","456384","451073","434383","445904","489748","491825","503627","518674","545098","502730","494176",
"Daegu","Manufacture of Food Products and Tobacco Products","Substantial contribution","","","-.05",".04",".12",".04","-.08","-.18","-.01",".04","-.07",".2","-.02","-.06","0","-.04",".05",".08",".07",".05","0",".03",".19","-.21",".23","-.09",".05",".07",".04",".12","-.03","-.01","-.03",".02",".07","0",".02",".02",".04","-.06","-.01",
"Daegu","Manufacture of Textiles and Leather","At current prices","","867947","1094613","1240400","1227771","1193219","1371601","1429902","1440724","1230201","1350626","1307826","1352996","1623820","1637329","1778954","1744009","1448906","1380798","1165631","1137754","1026002","1033183","992257","1101424","1196966","1358008","1436855","1508106","1691115","1653625","1570708","1511889","1417950","1417979","1353289","1280138","1195459","1275827","1210550","1206503",
"Daegu","Manufacture of Textiles and Leather","At chained 2020 year prices","","2845987","3297615","3401297","3236285","3018844","3393935","2922865","2571328","1979410","2003665","1813601","1773135","1978909","1755963","2038308","1994745","1649831","1668636","1383848","1305573","1197904","1288211","1279940","1321621","1237039","1636141","1588861","1713293","1923639","1893238","1728277","1582223","1589487","1548493","1383909","1280138","1256792","1211098","1018651","1044754",
"Daegu","Manufacture of Textiles and Leather","Substantial contribution","","","3.38",".71","-1.04","-1.25","2","-2.07","-1.61","-2.8",".12","-.84","-.17",".79","-.84","1.26","-.17","-1.22",".06","-.82","-.22","-.28",".23","-.02",".08","-.18",".95","-.09",".25",".39","-.05","-.28","-.24",".01","-.06","-.25","-.16","-.04","-.07","-.29",".04",
"Daegu","Manufacture of Wood and  of Paper, printing and reproduction","At current prices","","93266","93475","121257","127190","154596","174226","183964","197459","169159","222423","325166","269248","243588","272588","321721","291702","308922","333989","334238","352181","358467","366340","393088","358168","424912","459673","439499","490173","512639","529004","554685","612087","560279","611610","603184","600196","647333","680920","684750","697649",
"Daegu","Manufacture of Wood and  of Paper, printing and reproduction","At chained 2020 year prices","","473540","433150","536411","513426","608905","654192","611173","611565","479579","532025","736924","610036","551434","584832","629029","568398","552328","567570","583216","584333","597655","627655","687619","456353","499411","586559","550358","583277","585165","602785","602627","641256","581809","588474","586404","600196","626242","625218","570490","592722",
"Daegu","Manufacture of Wood and  of Paper, printing and reproduction","Substantial contribution","","","-.19",".46","-.09",".36",".15","-.12","0","-.36",".14",".56","-.32","-.13",".07",".1","-.14","-.03",".03",".03","0",".02",".05",".1","-.34",".08",".18","-.07",".06","0",".03","0",".06","-.1",".01","0",".02",".04","0","-.08",".04",
"Daegu","Manufacture of coal, fuel, chemical products","At current prices","","79485","104636","155989","182920","160456","140271","184011","187283","205048","207756","307243","289670","346045","414760","424100","444869","469229","518521","548231","594275","755975","720744","827450","787444","790387","902326","798644","859264","930395","946951","1113778","1142521","1148705","1153694","1143056","1106196","1144369","1350025","1367019","1464537",
"Daegu","Manufacture of coal, fuel, chemical products","At chained 2020 year prices","","160047","185266","272680","301142","258443","249888","257498","253115","260589","266174","358851","347139","385759","407666","473844","518378","556902","594172","602420","592600","717417","708104","771970","1083580","924744","1074235","937628","980790","1074664","1079550","1176643","1182566","1246642","1265521","1186480","1106196","1175178","1314050","1221467","1262375",
"Daegu","Manufacture of coal, fuel, chemical products","Substantial contribution","","",".31","1.01",".28","-.39","-.07",".05","-.03",".05",".03",".47","-.06",".16",".09",".32",".18",".13",".12",".03","-.03",".38","-.03",".18",".87","-.29",".31","-.26",".08",".17",".01",".16",".01",".11",".03","-.12","-.12",".11",".2","-.14",".06",
"Daegu","Manufacture of Other Non-metallic Mineral Products and Metal Products","At current prices","","162410","177932","240294","313665","338463","404801","467760","362051","433643","444891","643394","638758","599298","583789","630642","773307","905483","1079981","1106830","1328853","1435336","1530401","1676893","1741216","1692301","2091338","2261475","2428236","2475964","2601619","2643713","2722667","2814150","2795734","2850708","2632431","3032545","3159286","3370732","3449329",
"Daegu","Manufacture of Other Non-metallic Mineral Products and Metal Products","At chained 2020 year prices","","668145","690011","846525","947518","1027799","1260562","1239007","988321","1058400","1056499","1392427","1384848","1240010","1061308","1196133","1442781","1633873","1910379","1902836","2044606","2172378","2067166","2169896","2023240","1694065","2280407","2367829","2544559","2546201","2677173","2798343","2797409","2867227","2868954","2868288","2632431","2414450","2044383","2022146","1952373",
"Daegu","Manufacture of Other Non-metallic Mineral Products and Metal Products","Substantial contribution","","",".13",".83",".49",".4","1.03","-.08","-.89",".22","-.01",".93","-.02","-.34","-.4",".35",".57",".41",".58","-.01",".27",".25","-.2",".21","-.29","-.71","1.44",".18",".37","0",".25",".23","0",".12","0","0","-.37","-.35","-.7","-.05","-.16",
"Daegu","Manufacture of electrical, Precision Instruments","At current prices","","56099","78245","102035","118851","119551","143625","119310","123209","167096","229891","283959","323412","283478","314467","350332","364524","386182","464157","566611","712068","939340","1015142","1042124","892612","936233","1042060","1318726","1415875","1573510","1634231","1758057","1988182","2357463","2161744","1821639","1755457","1977831","2538205","2485795","2683398",
"Daegu","Manufacture of electrical, Precision Instruments","At chained 2020 year prices","","52772","71572","103003","110433","104625","121540","104450","104106","134715","162917","190202","227859","201782","213245","269349","293574","326961","399591","508689","624988","869808","956950","1054435","980648","996121","1010674","1284653","1357603","1488872","1597088","1683112","1908485","2078752","1938453","1815640","1755457","2031647","2625149","2815234","2715289",
"Daegu","Manufacture of electrical, Precision Instruments","Substantial contribution","","",".49",".71",".13","-.09",".26","-.22","0",".31",".27",".25",".32","-.19",".07",".4",".14",".17",".32",".44",".43",".84",".27",".29","-.19",".04",".03",".65",".16",".29",".23",".17",".42",".31","-.27","-.23","-.1",".44",".87",".26","-.12",
"Daegu","Manufacture of Machine and Transport Vehicles, other manufacturing n.e.c","At current prices","","230773","307074","411263","506216","622048","740250","750518","708854","764291","950542","1351155","1538036","1668518","1217684","1330982","1533640","1325649","1427767","1455460","1815201","1854776","1928108","2140006","2123060","2259960","2672075","3032213","3270820","3349154","3391298","3742346","3687126","3672758","3717118","3926307","3481870","3671210","4079085","4400343","4733926",
"Daegu","Manufacture of Machine and Transport Vehicles, other manufacturing n.e.c","At chained 2020 year prices","","563152","712224","965900","1102054","1217962","1389642","1428892","1225067","1373049","1534056","2143185","2384303","2491419","1595534","1965746","2178850","1823215","1983349","2020632","2440104","2486942","2433563","2695384","2813254","2644164","3315290","3728984","3935199","3901414","3891982","4040756","3766627","3881261","3964076","3992232","3481870","4082480","4427008","4416432","4415643",
"Daegu","Manufacture of Machine and Transport Vehicles, other manufacturing n.e.c","Substantial contribution","","","1.5","2.25","1",".8","1.18",".23","-1.01",".72",".69","2.47",".86",".35","-2.76","1.35",".64","-1.01",".44",".09",".99",".11","-.12",".58",".24","-.32","1.41",".77",".37","-.06","-.02",".25","-.45",".19",".13",".04","-.8",".96",".47","-.01","0",
"Daegu","Professional, scientific and technical activities","At current prices","","36895","44776","52422","56207","68937","82523","118740","203636","233968","288731","344067","342360","375017","405623","490842","448937","521471","520545","651111","739195","806133","807345","924419","935911","950407","1059481","1213259","1352042","1376569","1372674","1471828","1535058","1604034","1708264","1891150","2062245","2576333","2677986","2799067","2964524",
"Daegu","Professional, scientific and technical activities","At chained 2020 year prices","","189319","220507","237665","251737","261707","293296","387637","544644","626695","683815","797697","754651","821614","835953","1042854","932310","1092134","1021624","1109648","1212743","1444711","1388611","1539410","1391800","1329459","1384217","1540881","1657965","1671025","1653428","1723670","1775572","1778183","1838975","1956471","2062245","2431380","2420030","2364230","2431614",
"Daegu","Professional, scientific and technical activities","Substantial contribution","","",".15",".07",".05",".03",".11",".29",".45",".26",".17",".31","-.11",".15",".03",".48","-.23",".31","-.13",".16",".2",".43","-.09",".24","-.23","-.11",".1",".28",".2",".02","-.03",".11",".08","0",".09",".18",".16",".59","-.02","-.09",".11",
"Daegu","Business facilities management and business support services; rental and leasing activities","At current prices","","19409","26235","38404","53757","68746","74076","89922","126865","158177","190121","237417","288500","352905","329296","313802","294290","328676","308888","405961","458682","550265","727105","783822","938577","1006547","1151041","1194531","1249698","1375781","1466932","1583682","1634155","1795399","1940458","2034664","1934178","1901829","1866137","2018554","2097749",
"Daegu","Business facilities management and business support services; rental and leasing activities","At chained 2020 year prices","","53405","66959","84478","96583","106953","109514","137513","176361","218082","251071","289909","369014","443093","435686","482058","450343","498939","457829","598442","645314","752983","951994","1043393","1166443","1240351","1370736","1441557","1458053","1599973","1669126","1727927","1770406","1926187","2024076","2095019","1934178","1868952","1760448","1818816","1849885",
"Daegu","Business facilities management and business support services; rental and leasing activities","Substantial contribution","","",".12",".14",".09",".09",".02",".21",".24",".25",".19",".19",".37",".29","-.03",".17","-.09",".13","-.1",".33",".1",".23",".42",".19",".24",".15",".26",".14",".03",".25",".12",".1",".07",".25",".15",".11","-.25","-.1","-.17",".09",".05",
"Incheon","GRDP at market prices","At current prices","","4360946","5120864","5924653","7299597","8469499","10660050","13573768","14986002","16815442","19355944","23652147","26060406","28916670","27083810","28708124","30904406","34343403","39359082","41511495","45321462","47134745","50240733","55392721","55394268","58038914","64999761","66397027","68470534","71241021","76017965","81805340","86826282","91217759","93031135","95272174","95297255","104386038","113253070","117658396","125591891",
"Incheon","GRDP at market prices","At chained 2020 year prices","","15240896","16845641","19058492","21907606","23595509","27144868","31957020","32375894","34250020","36292527","42211419","44479283","47245853","40815308","44334412","47149267","50726709","55918460","57142302","59980461","62174126","64873367","70393493","69392456","68420262","74771450","76265759","78973653","81108965","84859038","86908732","89458652","93271247","95614030","97928366","95297255","99781575","106604503","112988570","116477164",
"Incheon","GRDP at market prices","Substantial contribution","","","10.53","13.14","14.95","7.7","15.04","17.73","1.31","5.79","5.96","16.31","5.37","6.22","-13.61","8.62","6.35","7.59","10.23","2.19","4.97","3.66","4.34","8.51","-1.42","-1.4","9.28","2","3.55","2.7","4.62","2.42","2.93","4.26","2.51","2.42","-2.69","4.71","6.84","5.99","3.09",
"Incheon","Mining and quarrying","At current prices","","7365","8876","10525","13018","11701","12080","27132","23097","34659","45589","60739","84668","117128","92176","92717","60259","43173","64999","73099","23329","22780","20168","29414","50595","78465","132042","112388","111830","105055","114630","119583","152089","139943","90476","56524","90316","71838","72730","61410","60896",
"Incheon","Mining and quarrying","At chained 2020 year prices","","31584","32674","39020","49427","44062","32878","65181","56021","83989","95316","126524","175418","227989","168748","187368","141438","110469","139445","159943","40319","38026","38336","52763","75405","118463","188674","137377","133673","119274","131770","120176","147125","128651","84831","53254","90316","75998","70036","46935","45020",
"Incheon","Mining and quarrying","Substantial contribution","","",".01",".03",".05","-.02","-.04",".11","-.03",".08",".03",".08",".1",".1","-.11",".04","-.08","-.04",".03",".02","-.13","0","0",".02",".02",".05",".08","-.06","0","-.02",".02","-.01",".03","-.02","-.05","-.04",".04","-.02","-.01","-.02","0",
"Incheon","Manufacturing","At current prices","","1582762","1889737","2334573","3047629","3345911","4162695","5567699","5695038","6486406","7399109","9092406","9478927","10578294","9823692","9950337","11166906","11042546","11848341","12192412","14130913","14057639","14681429","15975039","15295378","15135768","17648395","18797114","19260451","19573406","20260681","22019254","23134869","24825319","24762269","23686634","23928855","25926448","28066825","28878050","32647255",
"Incheon","Manufacturing","At chained 2020 year prices","","4364700","4917791","5962943","7077801","7339879","8892270","11207777","10931329","11694865","12225893","14163083","14794751","15806711","13070676","14255287","15879384","15684466","16795322","17104970","18275845","18174601","18365690","19620420","18515741","15812173","19382328","19997780","20348278","20348960","21201442","22563384","23115658","24451100","24492978","23781580","23928855","25140753","26080676","26866840","28944106",
"Incheon","Manufacturing","Substantial contribution","","","4.6","7.84","7.37","1.55","8.36","10.17","-1.01","2.65","1.75","6.06","1.71","2.49","-6.33","3.29","3.95","-.44","2.28",".56","2.01","-.17",".31","2","-1.62","-4.03","5.89",".86",".5","0","1.15","1.71",".66","1.54",".05","-.77",".15","1.27",".93",".75","1.9",
"Incheon","Manufacture of Food Products and Tobacco Products","At current prices","","147999","164884","177365","194723","220897","265377","337685","341559","402524","464314","506869","540548","581681","618347","584405","663492","727341","779773","778190","807417","785173","764392","626639","815571","886690","983529","1060653","1061256","1046157","1099287","1135589","1214922","1252931","1270312","1273824","1261247","1346748","1542581","1694084","1711577",
"Incheon","Manufacture of Food Products and Tobacco Products","At chained 2020 year prices","","732758","788463","782768","818952","827654","870982","1003508","931197","970609","978448","1070012","1099765","1126456","1018431","943559","1065110","1168261","1205324","1172460","1131021","1100149","1100859","1026604","1020965","970685","1205356","1208000","1276747","1226086","1213866","1214862","1251161","1290825","1279330","1293581","1261247","1393395","1644272","1549030","1534936",
"Incheon","Manufacture of Food Products and Tobacco Products","Substantial contribution","","",".26","-.02",".14",".03",".14",".38","-.18",".1",".02",".22",".06",".05","-.19","-.17",".26",".21",".07","-.05","-.07","-.05","0","-.1","-.01","-.07",".37","0",".09","-.06","-.01","0",".04",".04","-.01",".02","-.03",".14",".23","-.08","-.01",
"Incheon","Manufacture of Textiles and Leather","At current prices","","104291","119077","120577","142546","137992","180532","273920","270767","264971","264919","241798","280744","249877","263209","293988","362106","342913","328421","304138","277293","234426","202947","177231","184109","189561","242671","266065","267480","268964","293315","311298","313014","300580","311415","289600","361154","367305","462448","503403","516848",
"Incheon","Manufacture of Textiles and Leather","At chained 2020 year prices","","312384","327702","302059","343315","318973","408136","511580","441511","389521","358969","306318","336108","278174","257873","307685","378261","356596","362383","329690","290511","249964","232898","224497","229659","251088","300686","315287","321385","318775","347501","361891","321603","326551","330354","291658","361154","377922","460606","425358","444975",
"Incheon","Manufacture of Textiles and Leather","Substantial contribution","","",".12","-.18",".28","-.14",".46",".43","-.28","-.21","-.12","-.2",".1","-.19","-.06",".19",".23","-.07",".02","-.08","-.09","-.09","-.03","-.01",".01",".03",".06",".02",".01","0",".03",".02","-.04",".01","0","-.04",".07",".02",".08","-.03",".02",
"Incheon","Manufacture of Wood and  of Paper, printing and reproduction","At current prices","","146864","173062","153130","230774","264991","310823","431257","397945","463915","549560","571337","559417","625587","470895","659659","651045","697528","784447","740044","775258","674645","685663","640038","667225","819768","830977","867576","793905","776543","871699","948386","1010304","891843","877445","866750","875334","970280","1034400","978143","878182",
"Incheon","Manufacture of Wood and  of Paper, printing and reproduction","At chained 2020 year prices","","386612","415801","351130","483001","536941","601447","740970","638629","681476","681400","670961","656929","733826","523554","668299","657314","646493","691013","669297","666692","582910","690815","790576","767711","851238","940905","907591","838832","775731","850333","923698","1030185","962205","861054","860650","875334","862357","799039","730280","681033",
"Incheon","Manufacture of Wood and  of Paper, printing and reproduction","Substantial contribution","","",".25","-.53",".97",".35",".38",".68","-.44",".18","0","-.04","-.05",".25","-.62",".48","-.04","-.03",".14","-.06","-.01","-.21",".26",".2","-.03",".13",".15","-.05","-.1","-.09",".1",".1",".13","-.08","-.1","0",".02","-.01","-.07","-.08","-.06",
"Incheon","Manufacture of coal, fuel, chemical products","At current prices","","179317","235592","303900","380622","383155","411810","642105","857646","1015612","990707","1190198","1279730","1579571","1695160","1447458","1632354","1681289","1636206","1672635","1971896","2254441","2256964","2756110","2179299","1970040","2494932","2700716","2850661","2902771","3145523","3843769","3887779","4375038","4447607","4221319","4650665","5126679","5682098","6179749","7839300",
"Incheon","Manufacture of coal, fuel, chemical products","At chained 2020 year prices","","415104","479607","612197","721464","711322","748754","1174946","1520144","1700786","1669553","1824447","2011137","2304162","2172615","2100359","2411864","2549092","2443951","2351868","2448352","2699905","2922799","3045618","2884203","2646416","2943029","2955984","3055420","3085139","3475734","4132750","4084194","4483696","4672365","4335667","4650665","4917406","5222376","5690336","7347891",
"Incheon","Manufacture of coal, fuel, chemical products","Substantial contribution","","",".64","1.27",".92","-.07",".24","2.2","1.39",".68","-.11",".47",".51",".72","-.31","-.21",".75",".3","-.2","-.16",".17",".45",".39",".19","-.26","-.32",".38",".02",".14",".04",".52",".78","-.06",".44",".2","-.34",".32",".28",".3",".45","1.53",
"Incheon","Manufacture of Other Non-metallic Mineral Products and Metal Products","At current prices","","363622","396375","497548","666684","726609","930217","1361956","1181575","1490919","1605405","1931808","1920788","2048659","2161620","2343432","2574392","2714906","3014495","3002361","3783133","3634089","3635170","3800893","4034263","3701805","4583585","4692157","4535137","4441800","4371834","4464639","4615452","4838902","4683951","4682583","4356419","5374327","5316306","5237903","4975415",
"Incheon","Manufacture of Other Non-metallic Mineral Products and Metal Products","At chained 2020 year prices","","1458951","1521394","1708237","1939958","2128584","2769612","3462610","3133590","3505099","3650584","4042526","4039791","4133545","3820245","4293362","4665713","4782151","5231442","5006987","5384282","5114657","4962216","5053206","4536747","4166751","4522045","4431220","4337895","4284148","4297129","4550273","4608280","4767576","4579512","4591690","4356419","4053221","3317215","3184022","2976933",
"Incheon","Manufacture of Other Non-metallic Mineral Products and Metal Products","Substantial contribution","","",".36",".95","1.14",".89","2.58","2.18","-.95",".93",".37",".89","-.01",".17","-.54",".99",".71",".21",".74","-.33",".55","-.42","-.23",".13","-.7","-.59",".54","-.14","-.15","-.08",".02",".34",".07",".18","-.21",".01","-.25","-.32","-.93","-.19","-.29",
"Incheon","Manufacture of electrical, Precision Instruments","At current prices","","182287","243650","347575","423653","449575","638508","775006","825595","735125","980097","1269757","1214919","1345446","1398801","1609452","1921232","1904661","2086423","2166781","2396107","2244749","2286815","2397873","2242951","2546551","2659672","2912571","3294669","3712894","3661212","4200800","4706265","5627293","5968180","5378471","5587137","6165398","6899777","6315119","7856789",
"Incheon","Manufacture of electrical, Precision Instruments","At chained 2020 year prices","","155450","213315","328302","359412","355988","490899","628770","645116","540757","617319","724948","763137","843462","831914","1053525","1320810","1407616","1587069","1733715","1864122","1859914","2122703","2102904","2126007","2106527","2484728","2734363","3043462","3383712","3441521","3879937","4372791","4763153","5152100","5306347","5587137","6240096","7255062","7830956","8522133",
"Incheon","Manufacture of electrical, Precision Instruments","Substantial contribution","","","1.56","2.56",".56","-.06","2.01","1.68",".15","-.89",".62",".88",".28",".49","-.06","1.38","1.42",".41",".71",".49",".39","-.01",".67","-.04",".05","-.04",".79",".41",".5",".54",".09",".61",".65",".48",".5",".19",".3",".69",".96",".48",".47",
"Incheon","Manufacture of Machine and Transport Vehicles, other manufacturing n.e.c","At current prices","","458382","557097","734478","1008627","1162692","1425428","1745770","1819951","2113340","2544107","3380639","3682781","4147473","3215660","3011943","3362285","2973908","3218576","3528263","4119809","4230116","4849478","5576255","5171960","5021353","5853029","6297376","6457343","6424277","6817811","7114773","7387133","7538732","7203359","6974087","6836899","6575711","7129215","7969649","8869144",
"Incheon","Manufacture of Machine and Transport Vehicles, other manufacturing n.e.c","At chained 2020 year prices","","1765890","2004091","2701598","3435907","3571070","4235499","5065176","4788673","5525603","5956492","7691517","8129454","8701695","5945085","6260877","6625734","5732536","6266239","6835096","7693847","7828569","7168705","8384885","7823469","5170674","7318312","7805625","7816037","7531324","7867900","7746392","7621164","8033757","7704681","7098097","6836899","7296356","7710050","7944081","8217298",
"Incheon","Manufacture of Machine and Transport Vehicles, other manufacturing n.e.c","Substantial contribution","","","1.42","3.79","3.37",".54","2.55","2.62","-.7","1.87",".98","3.83",".81",".99","-4.54",".63",".61","-1.47",".81",".74","1.07",".16","-.76","1.64","-.67","-3.17","3.59",".6",".01","-.34",".4","-.14","-.14",".46","-.34","-.61","-.27",".48",".36",".19",".23",
"Incheon","Professional, scientific and technical activities","At current prices","","27556","31244","33663","40500","51851","54050","89599","172658","180116","186405","215891","237988","270633","300176","303384","366365","421219","484059","631691","748304","789202","721968","773884","846278","897390","904946","980836","1175174","1579206","1917235","2183408","2153413","1459110","1696571","2137385","2369143","2655044","2800585","3072759","3319381",
"Incheon","Professional, scientific and technical activities","At chained 2020 year prices","","185924","205045","207808","270071","289690","280354","430230","556401","585339","520499","564207","586920","650067","673638","688092","809046","920070","987522","1112834","1238804","1443356","1254976","1303458","1270334","1261608","1191467","1255197","1451495","1933196","2329792","2568922","2495821","1615805","1818374","2208815","2369143","2521774","2542240","2656851","2778946",
"Incheon","Professional, scientific and technical activities","Substantial contribution","","",".06",".01",".17",".04","-.02",".27",".19",".06","-.12",".08",".04",".1",".03",".02",".19",".16",".09",".16",".17",".27","-.22",".06","-.04","-.01","-.09",".07",".23",".57",".45",".26","-.08","-.87",".2",".39",".16",".16",".02",".11",".12",
"Incheon","Business facilities management and business support services; rental and leasing activities","At current prices","","18109","22885","30531","49449","63615","69677","100685","148349","168551","172000","207100","228593","283217","278436","246923","289456","309563","352639","422115","493088","573878","587593","600796","698439","726543","874895","949933","1092766","1355277","1685298","1986712","2098906","2312432","2324086","2684150","2529565","2741174","2817202","3220885","3300470",
"Incheon","Business facilities management and business support services; rental and leasing activities","At chained 2020 year prices","","27940","35375","44836","64587","71940","73339","109829","154348","174504","165274","198485","261108","316836","320014","370366","421318","448354","499907","594739","657544","756255","771362","804310","903403","921862","1076643","1180426","1315456","1621933","1969767","2214580","2325853","2526855","2454457","2781921","2529565","2709297","2669664","2909199","2923789",
"Incheon","Business facilities management and business support services; rental and leasing activities","Substantial contribution","","",".11",".12",".23",".08",".01",".33",".3",".13","-.05",".18",".28",".19",".01",".16",".12",".06",".1",".17",".11",".16",".02",".05",".13",".03",".21",".13",".16",".37",".41",".28",".12",".21","-.07",".33","-.26",".19","-.04",".22",".01",
"Gwangju","GRDP at market prices","At current prices","","","","2448077","3217311","3701762","4748232","5643316","6540413","7377159","8821798","10412807","11807411","12754753","12113072","12996266","14455426","15887645","17675919","18332927","19544264","21361924","22985879","24884915","25595300","26715816","29673477","30680959","31883492","33457826","35279756","37243072","39427386","41047259","42560850","44387597","45603430","47377153","49223290","51423328","54836685",
"Gwangju","GRDP at market prices","At chained 2020 year prices","","","","8353498","10059584","10787691","12297336","13313174","13883228","14949671","16552171","18658758","20431122","21010751","18883600","20483160","22382816","23688342","25551317","25681277","26499798","28577277","29899306","31207039","31605610","30778532","34750425","35531610","36273669","37626173","39026661","39740353","41006076","42364984","43465885","44768906","45603430","47473959","47950970","48319030","49500789",
"Gwangju","GRDP at market prices","Substantial contribution","","","0","0","20.42","7.24","13.99","8.26","4.28","7.68","10.72","12.73","9.5","2.84","-10.12","8.47","9.27","5.83","7.86",".51","3.19","7.84","4.63","4.37","1.28","-2.62","12.9","2.25","2.09","3.73","3.72","1.83","3.18","3.31","2.6","3","1.86","4.1","1",".77","2.45",
"Gwangju","Mining and quarrying","At current prices","","","","3660","1813","1785","10472","7540","8958","8005","9790","19053","49143","9835","12631","10417","7534","12633","30995","17937","5035","15421","19635","10999","17984","19505","18128","10651","6908","9105","9089","7785","6832","7096","7538","6758","4416","3426","4702","3948","2893",
"Gwangju","Mining and quarrying","At chained 2020 year prices","","","","13598","6895","6743","28756","18267","21901","19585","20733","40095","102914","19382","23445","21344","16806","24731","34073","29789","13578","27248","39502","20877","28230","31258","25886","13007","8258","10338","10454","7823","6609","6524","7068","6367","4416","3625","4529","3017","2139",
"Gwangju","Mining and quarrying","Substantial contribution","","","0","0","-.07","0",".16","-.08",".03","-.01",".01",".1",".29","-.34",".02","-.01","-.02",".02",".03","-.02","-.05",".03",".03","-.04",".02",".01","-.01","-.03","-.01",".01","0","-.01","0","0","0","0","0","0","0","0","0",
"Gwangju","Manufacturing","At current prices","","","","676844","938033","1018468","1080716","1253080","1224434","1395497","1805348","2227396","2631769","2499737","2497681","2812138","3110403","3374497","3631750","3518493","4077446","5174560","5341448","6190653","5985881","6611473","8230250","8514854","8427708","8957169","9433846","10206929","10324265","10746600","10621512","10888426","11496642","11627262","12633482","13286037","14703120",
"Gwangju","Manufacturing","At chained 2020 year prices","","","","1609307","2046019","2097133","2124167","2313114","2173281","2335425","2722863","3191283","3851054","3545166","3204200","3872605","4357535","4761783","5130042","5016449","5520128","7099570","6960504","7307088","7386001","6696882","9505786","9692304","9402537","9768866","10265755","10601892","10318977","10895156","10889060","11051690","11496642","12076461","12586622","12768474","13250328",
"Gwangju","Manufacturing","Substantial contribution","","","0","0","7.5",".73",".35","2.02","-1.34","1.4","3.14","3.52","4.42","-1.77","-1.88","4.3","2.71","2","1.64","-.45","1.93","5.97","-.47","1.16",".27","-2.18","10.38",".54","-.83","1.03","1.36",".88","-.73","1.46","-.01",".37",".99","1.27","1.04",".37",".98",
"Gwangju","Manufacture of Food Products and Tobacco Products","At current prices","","","","81087","99119","127788","117258","145712","141973","176334","187490","188156","203246","203411","249456","271138","281099","258754","264590","269212","286430","384133","355474","306921","349685","379119","357654","421604","319330","342952","344410","369332","402054","455610","484231","525530","733237","607044","598955","621460","658159",
"Gwangju","Manufacture of Food Products and Tobacco Products","At chained 2020 year prices","","","","324701","378227","434420","349163","393037","351474","386227","358666","360676","375502","357969","372984","397490","410037","377748","371843","368740","364689","489692","460259","359695","374927","424154","440347","504692","385700","408502","399765","403525","415568","475229","499635","539456","733237","639358","656796","627753","653381",
"Gwangju","Manufacture of Food Products and Tobacco Products","Substantial contribution","","","0","0",".55",".46","-.68",".31","-.27",".21","-.17",".01",".07","-.08",".07",".14",".07","-.15","-.03","-.01","-.02",".5","-.11","-.34",".05",".18",".05",".18","-.32",".06","-.02",".01",".03",".15",".06",".09",".43","-.21",".03","-.05",".05",
"Gwangju","Manufacture of Textiles and Leather","At current prices","","","","64713","67699","74641","47008","46213","44972","54737","62323","68752","81407","86014","119072","112022","116290","114036","85113","78101","76382","95905","83913","90521","116153","121159","145503","182289","157868","159154","153389","159174","156586","146144","142011","116181","119607","109852","133049","133857","130916",
"Gwangju","Manufacture of Textiles and Leather","At chained 2020 year prices","","","","190967","192033","203671","125372","101721","86511","94958","99661","102772","114909","112940","137575","138296","143316","139916","110855","99937","94468","120722","110173","113451","148150","149186","174959","200778","178863","180671","175379","174881","163200","163042","154494","118554","119607","115166","126325","112424","113149",
"Gwangju","Manufacture of Textiles and Leather","Substantial contribution","","","0","0",".01",".13","-.78","-.19","-.12",".07",".04",".02",".08","-.01",".15",".01",".03","-.02","-.15","-.05","-.02",".11","-.04",".01",".11","0",".08",".07","-.06",".01","-.01","0","-.03","0","-.02","-.08","0","-.01",".02","-.03","0",
"Gwangju","Manufacture of Wood and  of Paper, printing and reproduction","At current prices","","","","11284","15859","22381","27898","33181","32569","32433","45879","47673","74195","85506","57510","79306","70476","73031","85520","90379","91126","99815","94701","262753","107134","127376","122055","113271","132554","125401","137329","133888","149645","137821","140537","143576","148584","165492","161907","153634","148888",
"Gwangju","Manufacture of Wood and  of Paper, printing and reproduction","At chained 2020 year prices","","","","35706","45797","62587","74474","78671","72146","65766","78515","77269","120259","138480","88274","110913","98228","93397","103953","112811","108152","119042","109701","120475","105858","122355","145965","132241","151465","137822","149171","140733","154464","142328","135133","140139","148584","157583","144403","126882","125065",
"Gwangju","Manufacture of Wood and  of Paper, printing and reproduction","Substantial contribution","","","0","0",".13",".18",".11",".03","-.05","-.04",".09","-.01",".25",".1","-.24",".12","-.07","-.02",".05",".04","-.02",".05","-.04",".04","-.13",".07",".09","-.04",".05","-.04",".03","-.02",".04","-.03","-.02",".01",".02",".02","-.03","-.04","0",
"Gwangju","Manufacture of coal, fuel, chemical products","At current prices","","","","180842","205798","182762","161358","218331","226195","253280","228561","301624","367910","278646","429616","389528","394774","424035","491106","426023","512265","716394","704079","766887","797086","764830","1050919","986347","888044","903172","982836","1047274","1118456","1115727","1042653","1139247","1209331","1255563","1284557","1329799","1492069",
"Gwangju","Manufacture of coal, fuel, chemical products","At chained 2020 year prices","","","","432272","464166","403614","390761","434105","434248","458465","416903","501623","628757","443328","601194","621980","658285","720807","806577","670344","733297","975729","997328","1018772","1141380","1000012","1247693","1165153","1016913","1049369","1124447","1103576","1157541","1231156","1162111","1183791","1209331","1337125","1269812","1161823","1240068",
"Gwangju","Manufacture of coal, fuel, chemical products","Substantial contribution","","","0","0",".55","-.83","-.16",".38","0",".19","-.31",".53",".73","-.92",".78",".12",".17",".26",".32","-.47",".22",".87",".07",".07",".37","-.39",".71","-.23","-.41",".09",".19","-.05",".14",".18","-.15",".05",".06",".28","-.13","-.22",".17",
"Gwangju","Manufacture of Other Non-metallic Mineral Products and Metal Products","At current prices","","","","44169","39377","48541","53526","59536","59416","83526","123537","153809","198140","220225","156239","230245","278231","303187","372287","396116","490661","555277","561762","655256","641858","747827","967202","962891","962922","944563","1044684","1047825","1100587","1097965","1115494","1162988","1111788","1339699","1406677","1555296","1746010",
"Gwangju","Manufacture of Other Non-metallic Mineral Products and Metal Products","At chained 2020 year prices","","","","146702","118184","145194","167313","155554","155768","199374","287620","325684","420953","443904","276056","428052","510565","537421","646907","666981","728071","809932","757152","884703","910480","822083","1012786","966958","971664","947349","1057649","1097218","1123031","1106860","1126785","1159466","1111788","1040396","890058","923158","985933",
"Gwangju","Manufacture of Other Non-metallic Mineral Products and Metal Products","Substantial contribution","","","0","0","-.35",".28",".2","-.08","0",".25",".5",".19",".43",".09","-.65",".71",".34",".1",".39",".07",".2",".28","-.17",".41",".08","-.24",".65","-.15",".02","-.08",".33",".11",".07","-.04",".05",".08","-.11","-.16","-.41",".11",".21",
"Gwangju","Manufacture of electrical, Precision Instruments","At current prices","","","","112857","190044","208540","224603","236226","220254","309324","446001","625585","694440","772742","857868","899586","1014632","1058838","1152706","1202390","1218166","1522021","1568743","1844421","1857442","2042524","2476154","2232952","2405971","2429596","2362370","2639437","2400599","2592884","2695476","2857691","3518209","3750858","3986647","3428222","3881131",
"Gwangju","Manufacture of electrical, Precision Instruments","At chained 2020 year prices","","","","135659","200329","205908","214692","239679","214245","282454","346981","435996","535662","597147","633234","725843","859563","969082","1088167","1196332","1175421","1574851","1698479","1894843","1873135","2283065","2548256","2268750","2396657","2376320","2356825","2547058","2297412","2364010","2493045","2879676","3518209","3876406","4132428","3839104","3978645",
"Gwangju","Manufacture of electrical, Precision Instruments","Substantial contribution","","","0","0","2.2",".16",".24",".55","-.44","1.07",".96","1.3","1.37",".68",".37","1.04","1.28",".89",".82",".65","-.11","2.12",".56",".79","-.08","1.59",".89","-.92",".41","-.06","-.06",".54","-.69",".18",".34",".98","1.43",".79",".52","-.57",".24",
"Gwangju","Manufacture of Machine and Transport Vehicles, other manufacturing n.e.c","At current prices","","","","181892","320137","353815","449065","513881","499055","485863","711557","841797","1012431","853193","627920","830313","954901","1142616","1180428","1056272","1402416","1801015","1972776","2263894","2116523","2428638","3110763","3615500","3561019","4052331","4408828","4809999","4996338","5200449","5001110","4943213","4655886","4398754","5061690","6063769","6645947",
"Gwangju","Manufacture of Machine and Transport Vehicles, other manufacturing n.e.c","At chained 2020 year prices","","","","740601","1181150","1223011","1403382","1554688","1476733","1407003","1842593","2182066","2580423","2092571","1358341","1927099","2195710","2507298","2590921","2326883","3007510","3864448","3518535","3591123","3540041","2089316","3907039","4515079","4319244","4726767","5079743","5197656","5086364","5499468","5379438","5033122","4655886","4910427","5453952","6082356","6240266",
"Gwangju","Manufacture of Machine and Transport Vehicles, other manufacturing n.e.c","Substantial contribution","","","0","0","4.42",".35","1.41","1.02","-.46","-.36","2.04","1.49","1.48","-1.62","-2.35","2.17",".89",".94",".24","-.68","1.69","2.04","-.75",".18","-.13","-3.39","7.91","1.63","-.51","1.05",".9",".29","-.28","1.03","-.28","-.76","-.83",".56","1.03","1.18",".31",
"Gwangju","Professional, scientific and technical activities","At current prices","","","","28329","30716","38491","51129","78570","141078","157972","173584","199212","216178","264388","299879","301754","352461","353457","395849","505717","548802","513072","632451","687389","752019","778342","801254","889703","966743","922392","951972","1054955","1134831","1105678","1304679","1404180","1512567","1742188","1724762","1841771","1898177",
"Gwangju","Professional, scientific and technical activities","At chained 2020 year prices","","","","163638","157359","170064","184649","261930","365208","464912","445032","459348","478284","587121","626371","632072","697205","696174","739719","814464","853376","977969","1139034","1195072","1157050","1110698","1063219","1146541","1199131","1131896","1159669","1245834","1322377","1232569","1410525","1453306","1512567","1641745","1553890","1557217","1557732",
"Gwangju","Professional, scientific and technical activities","Substantial contribution","","","0","0","-.04",".08",".09",".45",".55",".59","-.09",".06",".08",".42",".14",".02",".24","0",".14",".23",".13",".41",".4",".14","-.09","-.12","-.12",".21",".13","-.17",".07",".2",".17","-.2",".39",".09",".13",".28","-.2",".01","0",
"Gwangju","Business facilities management and business support services; rental and leasing activities","At current prices","","","","19721","26436","31497","44304","55420","76913","84983","92257","108474","118295","136325","139159","99965","124554","135516","141126","162729","190380","296739","440669","461024","571838","613941","725537","714965","745659","908494","1083742","1211888","1366712","1401519","1534548","1619032","1503190","1463282","1550544","1728675","1812140",
"Gwangju","Business facilities management and business support services; rental and leasing activities","At chained 2020 year prices","","","","34610","38233","44211","52579","68706","83511","100968","101588","114620","135356","158042","168765","182076","220658","248928","251872","288613","323263","388736","578172","615221","736363","782593","893780","885685","888910","1079431","1250841","1326944","1488776","1512486","1608925","1673832","1503190","1438317","1459658","1546748","1587971",
"Gwangju","Business facilities management and business support services; rental and leasing activities","Substantial contribution","","","0","0",".08",".13",".16",".29",".21",".25",".01",".13",".19",".17",".07",".09",".16",".11",".01",".12",".11",".2",".68",".12",".36",".14",".33","-.02",".01",".5",".43",".19",".4",".06",".22",".15","-.37","-.14",".05",".19",".09",
"Daejeon","GRDP at market prices","At current prices","","","","","","3941368","4993543","6250350","7207931","8233343","9192618","10566487","11921546","13207024","13198039","13936448","15580806","16673896","18661511","20405176","21749822","22524672","23709098","25207135","26762913","28653056","30947892","32394148","33642497","34498814","35784897","37893020","40347343","41679606","42410316","44901333","46659399","48803055","50666636","53317422","56299352",
"Daejeon","GRDP at market prices","At chained 2020 year prices","","","","","","12584709","14290779","15870152","16786791","18048132","18486370","19975857","21516413","22880912","21776624","23117242","25196684","26014844","27832094","29346440","30263363","30871438","31965704","32901343","33371896","34344817","36610513","37832718","38469506","39001772","39807863","40778650","42451687","43053792","43382180","45590349","46659399","47751082","48631895","49627364","50622206",
"Daejeon","GRDP at market prices","Substantial contribution","","","0","0","0","0","13.56","11.05","5.78","7.51","2.43","8.06","7.71","6.34","-4.83","6.16","9","3.25","6.99","5.44","3.12","2.01","3.54","2.93","1.43","2.92","6.6","3.34","1.68","1.38","2.07","2.44","4.1","1.42",".76","5.09","2.34","2.34","1.84","2.05","2",
"Daejeon","Mining and quarrying","At current prices","","","","","","1327","11387","14026","8929","7268","11529","14566","13132","8155","3494","5336","3506","5313","4547","4516","3751","5606","3637","2574","2852","2125","2890","2174","2899","4403","2623","3920","3180","1386","1849","1977","3441","1608","2875","3538","1646",
"Daejeon","Mining and quarrying","At chained 2020 year prices","","","","","","4557","28686","31114","19945","16293","22451","28194","25279","14801","5977","10031","6950","9671","8681","9158","8108","10066","7402","4945","4549","3479","4198","2702","3522","5079","3061","4006","3128","1286","1749","1870","3441","1679","2839","2815","1112",
"Daejeon","Mining and quarrying","Substantial contribution","","","0","0","0","0",".18",".02","-.08","-.02",".03",".03","-.01","-.05","-.04",".02","-.01",".01","0","0","0","0","-.01","-.01","0","0","0","0","0","0","-.01","0","0","0","0","0","0","0","0","0","0",
"Daejeon","Manufacturing","At current prices","","","","","","862833","1086291","1255082","1227493","1396940","1607347","1832259","2042960","2287034","2272489","2292712","2768812","2710438","3106841","2912508","3434749","3332612","3393978","3933228","4060596","4397853","4898131","5110467","5548568","5963330","6306700","7119604","7531520","7511314","7263834","7707141","7976209","8254811","8398079","8346776","9254316",
"Daejeon","Manufacturing","At chained 2020 year prices","","","","","","2227565","2845929","2829597","2594661","2731670","2934569","3142517","3483166","3701187","3291732","3520537","4222303","4100465","4613278","4284481","4742903","4536981","4794882","5131919","4832614","4826593","5509434","5657230","5997366","6342298","6702321","7263702","7471465","7395053","7152628","7780157","7976209","8224741","8309389","8312764","8664359",
"Daejeon","Manufacturing","Substantial contribution","","","0","0","0","0","6.08","-.12","-1.67",".9","1.26","1.24","1.88","1.07","-1.92","1.2","3.28","-.51","2.03","-1.19","1.53","-.69",".84","1.01","-.91","-.02","2.17",".42",".95",".95",".98","1.48",".54","-.19","-.59","1.5",".43",".53",".17",".01",".66",
"Daejeon","Manufacture of Food Products and Tobacco Products","At current prices","","","","","","130308","192624","222388","163837","202901","231248","251747","250796","312647","311036","270565","347760","322253","332091","317847","435521","410597","442644","516665","613247","724630","624642","638698","870530","922174","900051","1042945","1111016","1070370","1053057","1100750","1216712","1204711","1273087","1275139","1339802",
"Daejeon","Manufacture of Food Products and Tobacco Products","At chained 2020 year prices","","","","","","494351","639932","669084","451551","494080","491837","535998","514283","609999","516468","440338","562217","520277","514710","480439","612828","576291","658883","692698","672368","687215","759763","757512","1012934","1067975","1037499","1102776","1125356","1149217","1098676","1132094","1216712","1279265","1400354","1324624","1377419",
"Daejeon","Manufacture of Food Products and Tobacco Products","Substantial contribution","","","0","0","0","0",".97",".18","-1.16",".21","-.01",".23","-.1",".39","-.36","-.35",".54","-.17","-.02","-.12",".43","-.12",".26",".1","-.06",".05",".27","-.01",".66",".14","-.08",".16",".06",".06","-.11",".08",".18",".13",".23","-.14",".1",
"Daejeon","Manufacture of Textiles and Leather","At current prices","","","","","","102376","111855","131362","137788","134125","149473","158830","177629","171932","169962","202485","198383","167542","157498","94516","84123","67123","71106","54093","51818","56449","89170","87934","85655","88327","99083","96515","97282","97785","100114","101204","121107","116057","113663","102769","115248",
"Daejeon","Manufacture of Textiles and Leather","At chained 2020 year prices","","","","","","347361","372035","363816","332969","291637","298764","297147","314273","282568","246252","312686","305042","256251","253842","149664","128751","104560","102658","109150","106394","93173","109195","101749","100788","103272","115972","109350","101172","108285","107800","102590","121107","120164","110649","86704","99576",
"Daejeon","Manufacture of Textiles and Leather","Substantial contribution","","","0","0","0","0",".18","-.05","-.18","-.24",".04","-.01",".09","-.15","-.17",".35","-.04","-.2","-.01","-.35","-.06","-.07","-.01",".02","-.01","-.02",".03","-.02","0",".01",".03","-.02","-.02",".02","0","-.01",".04","0","-.02","-.05",".03",
"Daejeon","Manufacture of Wood and  of Paper, printing and reproduction","At current prices","","","","","","108363","100083","108889","100579","113900","135428","159342","175953","217066","250141","343366","377054","350346","425667","395689","418778","349214","329771","353913","465439","439765","415901","430982","446815","475401","485172","521852","541678","458624","458514","470989","459485","489345","481479","495123","477101",
"Daejeon","Manufacture of Wood and  of Paper, printing and reproduction","At chained 2020 year prices","","","","","","355552","313695","303214","261414","270768","271621","303140","334183","410964","448873","561624","614405","523947","604981","577273","580942","486563","467377","528949","502953","564272","554037","564995","547764","557129","571495","578292","572946","479354","442652","457127","459485","475156","444376","407962","405005",
"Daejeon","Manufacture of Wood and  of Paper, printing and reproduction","Substantial contribution","","","0","0","0","0","-.32","-.07","-.24",".05","0",".17",".15",".34",".15",".48",".23","-.36",".32","-.1",".01","-.31","-.06",".18","-.07",".21","-.03",".03","-.04",".02",".04",".02","-.01","-.22","-.08",".04",".01",".03","-.06","-.08","-.01",
"Daejeon","Manufacture of coal, fuel, chemical products","At current prices","","","","","","281983","357609","424283","473629","542746","630977","707439","706290","778482","875644","737902","799969","854541","988253","912928","1050733","1163863","1029407","1034870","1092700","1187365","1438858","1445410","1418848","1617548","1668031","1925132","2057960","1884422","1748782","1696645","1740551","1688980","1557773","1355300","1485512",
"Daejeon","Manufacture of coal, fuel, chemical products","At chained 2020 year prices","","","","","","696590","992756","922140","982989","1046626","1200466","1239394","1254511","1277955","1275087","1196802","1323004","1426417","1581856","1408223","1486126","1564854","1532433","1518464","1470511","1443542","1728426","1688050","1601347","1799588","1827134","2021120","2103533","1945354","1832508","1756924","1740551","1571492","1436237","1240500","1362052",
"Daejeon","Manufacture of coal, fuel, chemical products","Substantial contribution","","","0","0","0","0","3.04","-.51",".45",".43",".97",".22",".08",".11","-.01","-.41",".56",".4",".56","-.58",".25",".26","-.11","-.04","-.13","-.07",".82","-.11","-.23",".52",".07",".49",".21","-.38","-.26","-.17","-.04","-.36","-.3","-.42",".25",
"Daejeon","Manufacture of Other Non-metallic Mineral Products and Metal Products","At current prices","","","","","","106604","135927","181862","169602","177512","191755","207561","225993","243344","199746","186929","217501","238956","270923","259497","338898","346984","342418","436476","328516","351307","470432","557447","508335","537471","590051","676482","672967","665548","689167","776563","820339","786120","779120","841394","980136",
"Daejeon","Manufacture of Other Non-metallic Mineral Products and Metal Products","At chained 2020 year prices","","","","","","302565","401150","450663","421841","403589","425748","420854","459099","470246","338904","333078","380968","403930","447143","417942","493049","498719","484434","511146","423033","445217","505074","579637","527639","551898","604234","708561","687434","682403","711582","783169","820339","650020","528530","521608","568605",
"Daejeon","Manufacture of Other Non-metallic Mineral Products and Metal Products","Substantial contribution","","","0","0","0","0",".88",".34","-.19","-.1",".12","-.02",".18",".05","-.51","-.03",".19",".08",".15","-.09",".23",".02","-.04",".08","-.3",".06",".16",".22","-.15",".07",".15",".28","-.05","-.01",".07",".16",".08","-.37","-.3","-.02",".14",
"Daejeon","Manufacture of electrical, Precision Instruments","At current prices","","","","","","55029","74808","61584","55063","69060","93098","106165","133999","172114","196772","225474","280462","270701","380605","388134","430137","392419","554711","716048","676978","812383","982868","987291","1149521","1206988","1271735","1464029","1562607","1869139","1878997","1943811","2048000","2549393","2703557","2487551","2854311",
"Daejeon","Manufacture of electrical, Precision Instruments","At chained 2020 year prices","","","","","","68652","91118","78646","67221","78942","91753","96239","129570","166852","182866","232339","301513","308880","443191","471092","509896","485975","756541","867042","791542","783134","890805","906310","1037392","1074830","1171245","1330074","1433163","1540509","1581913","1905561","2048000","2572378","2835023","3045327","3075119",
"Daejeon","Manufacture of electrical, Precision Instruments","Substantial contribution","","","0","0","0","0",".46","-.21","-.14",".13",".14",".05",".35",".32",".13",".4",".48",".04",".71",".13",".16","-.09",".97",".34","-.25","-.03",".39",".06",".44",".12",".31",".48",".3",".29",".12",".91",".32","1.12",".53",".4",".05",
"Daejeon","Manufacture of Machine and Transport Vehicles, other manufacturing n.e.c","At current prices","","","","","","78170","113385","124714","126995","156696","175368","241175","372300","391449","269188","325991","547683","506099","551804","543897","676559","602412","623921","821163","831898","825954","876260","962705","1068864","1115421","1292577","1392649","1488010","1465426","1335203","1617179","1570015","1420205","1489400","1789500","2002206",
"Daejeon","Manufacture of Machine and Transport Vehicles, other manufacturing n.e.c","At chained 2020 year prices","","","","","","206469","296267","321628","287651","355525","356240","468821","700313","703035","433992","593734","927021","843741","932795","910859","1087747","961216","899241","1010779","979763","910389","1076502","1172520","1278884","1304683","1489149","1512277","1536742","1561214","1419527","1646479","1570015","1556266","1604273","1774744","1831865",
"Daejeon","Manufacture of Machine and Transport Vehicles, other manufacturing n.e.c","Substantial contribution","","","0","0","0","0",".86",".19","-.21",".42","0",".6","1.13",".01","-1.13",".75","1.31","-.32",".32","-.07",".52","-.36","-.17",".33","-.1","-.22",".53",".25",".27",".06",".46",".06",".06",".06","-.32",".5","-.17","-.03",".09",".31",".11",
"Daejeon","Professional, scientific and technical activities","At current prices","","","","","","402124","431429","443616","576833","635623","703033","782739","844797","920941","1044580","916922","1045313","1006433","1154112","1354934","1471583","1485853","1501662","1578103","1843767","2273657","2454609","2547040","2564046","2672177","2899658","3067732","3388108","3540904","3620048","3886228","4463202","4600461","5195217","5314768","5254521",
"Daejeon","Professional, scientific and technical activities","At chained 2020 year prices","","","","","","1616162","1503174","1360438","1448440","1491690","1476492","1558180","1618958","1764703","1859702","1880446","2115881","2159787","2268075","2605041","2650349","2644561","2463342","2532633","2728296","3146304","3277947","3334211","3232378","3239754","3501779","3536481","3813785","3822529","3873992","4013568","4463202","4345682","4713763","4620466","4481796",
"Daejeon","Professional, scientific and technical activities","Substantial contribution","","","0","0","0","0","-.71","-.82",".46",".24","-.08",".42",".29",".64",".38",".09",".82",".14",".3",".92",".12","-.01","-.45",".18",".48","1.06",".33",".14","-.24",".02",".63",".08",".63",".02",".11",".31",".97","-.25",".8","-.2","-.3",
"Daejeon","Business facilities management and business support services; rental and leasing activities","At current prices","","","","","","23538","55071","75338","110126","141518","170116","205260","237527","303400","362793","347434","370715","379772","391204","460690","520151","563510","772419","828955","989838","1093382","1281536","1333448","1390343","1473992","1524617","1624655","1614633","1746428","1859712","1967765","2110387","1995098","2256448","2504677","2637418",
"Daejeon","Business facilities management and business support services; rental and leasing activities","At chained 2020 year prices","","","","","","35153","83964","127354","168685","212642","237885","273356","330523","402503","479879","518181","533533","540681","542865","637164","685760","713189","974675","1061488","1223159","1344036","1520815","1613851","1627117","1723673","1744208","1784899","1765514","1888301","1952859","2038725","2110387","1961035","2129529","2252542","2325764",
"Daejeon","Business facilities management and business support services; rental and leasing activities","Substantial contribution","","","0","0","0","0",".83",".57",".39",".4",".2",".28",".41",".43",".44",".22",".07",".03",".01",".36",".17",".1",".92",".29",".5",".37",".5",".25",".03",".25",".05",".1","-.05",".28",".14",".19",".15","-.32",".35",".26",".15",
"Ulsan","GRDP at market prices","At current prices","","","","","","","","","","","","","","","27547333","29120094","31369489","33589834","37666328","37774579","45399861","45837371","47311038","51982173","55906934","53804984","63989674","72041045","73381791","74674568","73436988","76116207","75839539","77390966","75961335","75031057","67807980","79762196","84886776","89412238","93956099",
"Ulsan","GRDP at market prices","At chained 2020 year prices","","","","","","","","","","","","","","","46280404","51379470","53130237","54343863","59513888","58406963","64478366","66682855","67838484","70934248","69798466","68874789","71760257","77699210","78141667","78605846","78730964","79111434","77042517","77113346","76025976","75021093","67807980","72410215","75151722","78963131","81648654",
"Ulsan","GRDP at market prices","Substantial contribution","","","0","0","0","0","0","0","0","0","0","0","0","0","0","11.02","3.41","2.28","9.51","-1.86","10.39","3.42","1.73","4.56","-1.6","-1.32","4.19","8.28",".57",".59",".16",".48","-2.62",".09","-1.41","-1.32","-9.61","6.79","3.79","5.07","3.4",
"Ulsan","Mining and quarrying","At current prices","","","","","","","","","","","","","","","18713","17828","8623","21119","14387","25553","27225","131188","101667","118951","84345","78558","117638","139379","136559","160598","130388","98407","97878","94145","97938","78276","53360","41975","42027","28492","28237",
"Ulsan","Mining and quarrying","At chained 2020 year prices","","","","","","","","","","","","","","","23662","24905","12553","29515","19036","39920","47111","259108","189233","186393","142955","123382","172807","188257","185139","185560","152061","97855","95498","93383","100406","77002","53360","45474","42198","22705","21767",
"Ulsan","Mining and quarrying","Substantial contribution","","","0","0","0","0","0","0","0","0","0","0","0","0","0","0","-.03",".04","-.02",".04",".01",".27","-.08","0","-.05","-.02",".06",".02","0","0","-.04","-.06","0","0",".01","-.03","-.03","-.01","0","-.02","0",
"Ulsan","Manufacturing","At current prices","","","","","","","","","","","","","","","14623360","15286839","15542392","16382116","17754252","18410113","23687219","23869177","24275997","26380952","29382911","28646394","34803058","43447565","42210412","42041036","39695711","41098570","40116340","39922736","39388283","38484865","32491059","41704900","48372789","50927484","52601585",
"Ulsan","Manufacturing","At chained 2020 year prices","","","","","","","","","","","","","","","23344908","26866598","27920653","29120918","31509666","31819474","37115977","37053492","37565146","38493780","39864150","39853319","40659042","46760822","44759728","44042818","43413592","43731840","41611092","40096773","39916985","39178543","32491059","36580373","38481846","41040958","42482789",
"Ulsan","Manufacturing","Substantial contribution","","","0","0","0","0","0","0","0","0","0","0","0","0","0","8.01","2.06","2.13","4",".46","8.11","-.09",".72","1.27","1.81","-.01","1.08","8.16","-2.58","-.92","-.8",".4","-2.62","-1.93","-.23","-.96","-8.76","6.03","2.72","3.79","2",
"Ulsan","Manufacture of Food Products and Tobacco Products","At current prices","","","","","","","","","","","","","","","113931","102577","105816","108072","135631","123870","136520","132272","145186","126718","140275","163927","193965","161542","200622","215421","211712","221170","220792","197074","222362","225650","218537","219440","233835","267087","293662",
"Ulsan","Manufacture of Food Products and Tobacco Products","At chained 2020 year prices","","","","","","","","","","","","","","","223719","197490","202733","207233","250390","222875","228322","221496","249426","207351","231516","236649","238438","185112","242442","254000","236658","237977","227272","202642","224462","229305","218537","227133","250054","246929","266016",
"Ulsan","Manufacture of Food Products and Tobacco Products","Substantial contribution","","","0","0","0","0","0","0","0","0","0","0","0","0","0","-.05",".01",".01",".07","-.04",".01","-.01",".04","-.05",".03",".01","0","-.07",".07",".01","-.02","0","-.01","-.03",".03",".01","-.01",".01",".03","0",".02",
"Ulsan","Manufacture of Textiles and Leather","At current prices","","","","","","","","","","","","","","","64832","83040","148885","166586","194428","141950","217181","296817","316502","252574","444892","452831","510726","594523","161170","186070","214405","204119","187096","176696","226837","291236","309203","261786","251991","274694","260413",
"Ulsan","Manufacture of Textiles and Leather","At chained 2020 year prices","","","","","","","","","","","","","","","103107","141110","252574","281357","348649","250071","369834","514503","562728","582470","574145","547132","615534","654577","182520","210620","244307","224020","195215","197450","247743","298046","309203","275581","238100","231094","226059",
"Ulsan","Manufacture of Textiles and Leather","Substantial contribution","","","0","0","0","0","0","0","0","0","0","0","0","0","0",".09",".23",".05",".12","-.15",".18",".19",".06",".02","-.01","-.04",".11",".05","-.6",".03",".04","-.02","-.03","0",".06",".06",".01","-.05","-.04","-.01","-.01",
"Ulsan","Manufacture of Wood and  of Paper, printing and reproduction","At current prices","","","","","","","","","","","","","","","129267","205941","211759","193881","233503","234592","249613","212562","242001","241675","312986","310143","351543","387434","442776","468005","431606","427262","447686","404330","436112","378970","313631","387757","490128","479666","491677",
"Ulsan","Manufacture of Wood and  of Paper, printing and reproduction","At chained 2020 year prices","","","","","","","","","","","","","","","257474","373796","383054","321803","368375","380019","384488","328993","369659","383185","417962","457619","468740","501581","537200","540598","501060","469351","475232","428935","424184","369708","313631","369155","435700","382766","407474",
"Ulsan","Manufacture of Wood and  of Paper, printing and reproduction","Substantial contribution","","","0","0","0","0","0","0","0","0","0","0","0","0","0",".21",".02","-.11",".08",".02",".01","-.08",".06",".02",".04",".05",".01",".04",".04","0","-.05","-.04",".01","-.06","-.01","-.07","-.08",".08",".09","-.07",".03",
"Ulsan","Manufacture of coal, fuel, chemical products","At current prices","","","","","","","","","","","","","","","7996442","7186479","6874736","6849452","7507234","8173483","11747908","12267364","11479712","11750933","12688784","11435155","14312150","21055880","19344792","19304652","17624614","17811041","18336004","19577316","18315526","15772960","11199281","19480106","23521944","21339994","20308043",
"Ulsan","Manufacture of coal, fuel, chemical products","At chained 2020 year prices","","","","","","","","","","","","","","","11329602","11499978","11162142","11433968","12557214","12752809","16029705","16302412","16888431","17117700","16973637","16379210","17868432","22735006","20465590","19879150","19444135","19353383","19356739","19286306","18200216","16279724","11199281","14123785","15126757","15416573","15927937",
"Ulsan","Manufacture of coal, fuel, chemical products","Substantial contribution","","","0","0","0","0","0","0","0","0","0","0","0","0","0",".44","-.72",".53","2",".31","5.56",".44",".96",".33","-.19","-.79","1.93","6.09","-2.92","-.76","-.57","-.11","0","-.09","-1.42","-2.54","-6.56","4.31","1.73",".53",".79",
"Ulsan","Manufacture of Other Non-metallic Mineral Products and Metal Products","At current prices","","","","","","","","","","","","","","","1812949","2033324","2027189","2132106","2339633","2215400","2964649","2556962","3114910","3936452","3599731","3614666","4629539","5236788","5092397","4814860","5017493","5114343","5213035","5004544","5084212","5075061","4744379","5957225","5961922","5909125","6116868",
"Ulsan","Manufacture of Other Non-metallic Mineral Products and Metal Products","At chained 2020 year prices","","","","","","","","","","","","","","","3949728","4542139","4521185","4654589","5067414","4552341","4975172","4251057","4263410","4531858","4257881","3808588","4172867","4474486","4457758","4340427","4711749","5046002","5066397","4721560","4683483","4816814","4744379","4053871","3383061","3510736","3819161",
"Ulsan","Manufacture of Other Non-metallic Mineral Products and Metal Products","Substantial contribution","","","0","0","0","0","0","0","0","0","0","0","0","0","0",".99","-.03",".19",".56","-.63",".54","-.95",".02",".41","-.46","-.68",".64",".52","-.03","-.18",".55",".48",".03","-.47","-.05",".19","-.1","-1.02","-1.24",".27",".58",
"Ulsan","Manufacture of electrical, Precision Instruments","At current prices","","","","","","","","","","","","","","","846735","986796","1148338","1110508","1264529","1299731","1589257","1162563","933283","723853","780096","546376","717132","885827","1671638","1775520","1595257","1646988","1492996","1481738","1595501","1684406","1822397","2158629","2750604","3192663","3764362",
"Ulsan","Manufacture of electrical, Precision Instruments","At chained 2020 year prices","","","","","","","","","","","","","","","163718","208272","254755","266793","313913","340603","403508","317545","376879","431485","554941","631325","812072","997592","1846706","1924839","1748593","1709547","1506149","1521380","1642720","1733504","1822397","2277196","2785150","3099063","3474164",
"Ulsan","Manufacture of electrical, Precision Instruments","Substantial contribution","","","0","0","0","0","0","0","0","0","0","0","0","0","0",".84",".76",".17",".58",".29",".64","-.75",".47",".29",".4",".19",".29",".26","1.05",".1","-.22","-.05","-.26",".02",".15",".12",".12",".67",".6",".37",".43",
"Ulsan","Manufacture of Machine and Transport Vehicles, other manufacturing n.e.c","At current prices","","","","","","","","","","","","","","","3659204","4688682","5025669","5821511","6079294","6221087","6782091","7240637","8044403","9348747","11416147","12123296","14088003","15125571","15297017","15276508","14600624","15673647","14218731","13081038","13507733","15056582","13883631","13239957","15162365","19464255","21366560",
"Ulsan","Manufacture of Machine and Transport Vehicles, other manufacturing n.e.c","At chained 2020 year prices","","","","","","","","","","","","","","","7499536","10603419","11794303","12735828","13163059","13705269","14684859","15736040","14851928","15068775","16738382","17760296","16254162","17192003","17032079","16925611","16473186","16582481","14688674","13667933","14487007","15534018","13883631","15253652","16673412","19203812","19332204",
"Ulsan","Manufacture of Machine and Transport Vehicles, other manufacturing n.e.c","Substantial contribution","","","0","0","0","0","0","0","0","0","0","0","0","0","0","5.5","1.81","1.28",".58",".66","1.18","1.07","-.89",".25","1.99","1.25","-1.91","1.27","-.2","-.13","-.55",".13","-2.35","-1.3","1.01","1.29","-2.13","2.02","1.55","2.71",".15",
"Ulsan","Professional, scientific and technical activities","At current prices","","","","","","","","","","","","","","","159039","134519","130881","141264","174019","226736","243511","231458","370239","344656","425840","453708","487844","459637","523630","729174","1010800","1317967","1159078","1050545","1067382","1131649","1196033","1333558","1476996","1671066","1806689",
"Ulsan","Professional, scientific and technical activities","At chained 2020 year prices","","","","","","","","","","","","","","","440618","374425","354353","374280","436385","473165","475237","474796","716428","638638","687719","677905","670679","612632","672364","931734","1284489","1610954","1391677","1197655","1171750","1176759","1196033","1246847","1308058","1393411","1452329",
"Ulsan","Professional, scientific and technical activities","Substantial contribution","","","0","0","0","0","0","0","0","0","0","0","0","0","0","-.09","-.02",".02",".07",".04","0","0",".26","-.08",".05","-.01","-.01","-.07",".06",".28",".37",".35","-.24","-.21","-.03",".01",".02",".07",".08",".11",".08",
"Ulsan","Business facilities management and business support services; rental and leasing activities","At current prices","","","","","","","","","","","","","","","196055","160144","154613","170099","197437","247420","266751","272161","292779","303629","365832","370506","463424","582759","807486","1056166","1153705","1280513","1344197","1211339","1261517","1361136","1351455","1325053","1368154","1457304","1521668",
"Ulsan","Business facilities management and business support services; rental and leasing activities","At chained 2020 year prices","","","","","","","","","","","","","","","243975","242867","226452","246897","281740","350452","358510","348485","372912","393969","458538","456620","553358","705513","947608","1234891","1324701","1416330","1481274","1319047","1332541","1413458","1351455","1304609","1295339","1319505","1345381",
"Ulsan","Business facilities management and business support services; rental and leasing activities","Substantial contribution","","","0","0","0","0","0","0","0","0","0","0","0","0","0","0","-.04",".04",".07",".13",".02","-.02",".04",".03",".1","0",".15",".2",".28",".33",".1",".11",".08","-.19",".02",".1","-.08","-.07","-.01",".03",".03",
"Sejong City","GRDP at market prices","At current prices","","","","","","","","","","","","","","","","","","","","","","","","","","","","","","7040434","8919847","9958014","10962552","11938796","12433506","13373529","14005902","15455438","16055841","16740013","17360795",
"Sejong City","GRDP at market prices","At chained 2020 year prices","","","","","","","","","","","","","","","","","","","","","","","","","","","","","","7955667","10002318","10832018","11728167","12431370","12796748","13684126","14005902","15040763","15374819","15524074","15601602",
"Sejong City","GRDP at market prices","Substantial contribution","","","0","0","0","0","0","0","0","0","0","0","0","0","0","0","0","0","0","0","0","0","0","0","0","0","0","0","0","0","25.73","8.3","8.27","6","2.94","6.93","2.35","7.39","2.22",".97",".5",
"Sejong City","Mining and quarrying","At current prices","","","","","","","","","","","","","","","","","","","","","","","","","","","","","","27813","23379","25989","28406","21516","17138","15294","17556","17247","20361","28024","24583",
"Sejong City","Mining and quarrying","At chained 2020 year prices","","","","","","","","","","","","","","","","","","","","","","","","","","","","","","31562","26871","26118","27480","19781","16069","14409","17556","18246","19605","21414","18171",
"Sejong City","Mining and quarrying","Substantial contribution","","","0","0","0","0","0","0","0","0","0","0","0","0","0","0","0","0","0","0","0","0","0","0","0","0","0","0","0","0","-.06","-.01",".01","-.07","-.03","-.01",".02","0",".01",".01","-.03",
"Sejong City","Manufacturing","At current prices","","","","","","","","","","","","","","","","","","","","","","","","","","","","","","2266180","2371471","2448081","2388814","2453008","2486129","2594650","2949652","3176967","3354136","3270707","3555722",
"Sejong City","Manufacturing","At chained 2020 year prices","","","","","","","","","","","","","","","","","","","","","","","","","","","","","","2345696","2460998","2453970","2351033","2393681","2430527","2609127","2949652","3175520","3351768","3223609","3339847",
"Sejong City","Manufacturing","Substantial contribution","","","0","0","0","0","0","0","0","0","0","0","0","0","0","0","0","0","0","0","0","0","0","0","0","0","0","0","0","0","1.58","-.08","-1.03",".4",".32","1.47","2.53","1.61","1.14","-.8",".7",
"Sejong City","Manufacture of Food Products and Tobacco Products","At current prices","","","","","","","","","","","","","","","","","","","","","","","","","","","","","","177353","194801","222457","224032","227609","209113","228694","254799","246588","264548","307919","328712",
"Sejong City","Manufacture of Food Products and Tobacco Products","At chained 2020 year prices","","","","","","","","","","","","","","","","","","","","","","","","","","","","","","208226","215241","238199","230866","234642","210674","232278","254799","255154","282224","282576","295802",
"Sejong City","Manufacture of Food Products and Tobacco Products","Substantial contribution","","","0","0","0","0","0","0","0","0","0","0","0","0","0","0","0","0","0","0","0","0","0","0","0","0","0","0","0","0",".08",".23","-.07",".03","-.19",".17",".17","0",".17","0",".09",
"Sejong City","Manufacture of Textiles and Leather","At current prices","","","","","","","","","","","","","","","","","","","","","","","","","","","","","","25408","38852","17420","18135","15748","13757","42214","31311","28468","28241","34906","33693",
"Sejong City","Manufacture of Textiles and Leather","At chained 2020 year prices","","","","","","","","","","","","","","","","","","","","","","","","","","","","","","25636","39541","17018","17024","15861","13541","41405","31311","28775","27594","30165","31016",
"Sejong City","Manufacture of Textiles and Leather","Substantial contribution","","","0","0","0","0","0","0","0","0","0","0","0","0","0","0","0","0","0","0","0","0","0","0","0","0","0","0","0","0",".2","-.25","0","-.01","-.02",".23","-.08","-.02","-.01",".02",".01",
"Sejong City","Manufacture of Wood and  of Paper, printing and reproduction","At current prices","","","","","","","","","","","","","","","","","","","","","","","","","","","","","","205429","214711","224086","246039","248051","239264","238522","224451","239566","255589","284976","276254",
"Sejong City","Manufacture of Wood and  of Paper, printing and reproduction","At chained 2020 year prices","","","","","","","","","","","","","","","","","","","","","","","","","","","","","","237660","249992","246732","259440","258299","230227","231419","224451","233036","236617","234578","234395",
"Sejong City","Manufacture of Wood and  of Paper, printing and reproduction","Substantial contribution","","","0","0","0","0","0","0","0","0","0","0","0","0","0","0","0","0","0","0","0","0","0","0","0","0","0","0","0","0",".15","-.03",".12","-.01","-.23",".01","-.05",".06",".02","-.01","0",
"Sejong City","Manufacture of coal, fuel, chemical products","At current prices","","","","","","","","","","","","","","","","","","","","","","","","","","","","","","447222","500413","690257","671320","674917","706421","711230","889317","971870","1012748","1067920","1066814",
"Sejong City","Manufacture of coal, fuel, chemical products","At chained 2020 year prices","","","","","","","","","","","","","","","","","","","","","","","","","","","","","","490967","545699","713824","678518","697876","745846","735023","889317","951050","1002568","1034773","1034781",
"Sejong City","Manufacture of coal, fuel, chemical products","Substantial contribution","","","0","0","0","0","0","0","0","0","0","0","0","0","0","0","0","0","0","0","0","0","0","0","0","0","0","0","0","0",".71","1.73","-.34",".17",".39","-.08","1.12",".44",".34",".2","0",
"Sejong City","Manufacture of Other Non-metallic Mineral Products and Metal Products","At current prices","","","","","","","","","","","","","","","","","","","","","","","","","","","","","","367567","399724","357714","348519","343925","349585","342388","356467","364787","403794","448777","460956",
"Sejong City","Manufacture of Other Non-metallic Mineral Products and Metal Products","At chained 2020 year prices","","","","","","","","","","","","","","","","","","","","","","","","","","","","","","370030","391968","345968","337308","352604","354513","341149","356467","344522","342840","326267","327524",
"Sejong City","Manufacture of Other Non-metallic Mineral Products and Metal Products","Substantial contribution","","","0","0","0","0","0","0","0","0","0","0","0","0","0","0","0","0","0","0","0","0","0","0","0","0","0","0","0","0",".31","-.53","-.09",".14",".02","-.11",".11","-.09","-.01","-.12",".01",
"Sejong City","Manufacture of electrical, Precision Instruments","At current prices","","","","","","","","","","","","","","","","","","","","","","","","","","","","","","856318","842640","731993","663593","729780","739971","800249","980904","1113518","1148926","882457","1110508",
"Sejong City","Manufacture of electrical, Precision Instruments","At chained 2020 year prices","","","","","","","","","","","","","","","","","","","","","","","","","","","","","","785590","802369","684271","623328","626179","646945","791000","980904","1128999","1206621","1073322","1176025",
"Sejong City","Manufacture of electrical, Precision Instruments","Substantial contribution","","","0","0","0","0","0","0","0","0","0","0","0","0","0","0","0","0","0","0","0","0","0","0","0","0","0","0","0","0",".26","-1.39","-.65",".03",".2","1.33","1.44","1.06",".5","-.79",".5",
"Sejong City","Manufacture of Machine and Transport Vehicles, other manufacturing n.e.c","At current prices","","","","","","","","","","","","","","","","","","","","","","","","","","","","","","186883","180330","204154","217176","212978","228018","231353","212403","212170","240290","243752","278785",
"Sejong City","Manufacture of Machine and Transport Vehicles, other manufacturing n.e.c","At chained 2020 year prices","","","","","","","","","","","","","","","","","","","","","","","","","","","","","","216250","205880","222028","223004","227108","246107","235696","212403","233984","256295","240196","256538",
"Sejong City","Manufacture of Machine and Transport Vehicles, other manufacturing n.e.c","Substantial contribution","","","0","0","0","0","0","0","0","0","0","0","0","0","0","0","0","0","0","0","0","0","0","0","0","0","0","0","0","0","-.13",".16",".01",".04",".15","-.08","-.17",".15",".13","-.09",".1",
"Sejong City","Professional, scientific and technical activities","At current prices","","","","","","","","","","","","","","","","","","","","","","","","","","","","","","65704","202404","223244","261813","265104","290577","332889","344370","511954","519855","543767","590859",
"Sejong City","Professional, scientific and technical activities","At chained 2020 year prices","","","","","","","","","","","","","","","","","","","","","","","","","","","","","","81308","249656","262575","300192","290910","313453","344641","344370","482888","469205","465190","491594",
"Sejong City","Professional, scientific and technical activities","Substantial contribution","","","0","0","0","0","0","0","0","0","0","0","0","0","0","0","0","0","0","0","0","0","0","0","0","0","0","0","0","0","1.93",".12",".32","-.07",".17",".23","0",".99","-.09","-.03",".18",
"Sejong City","Business facilities management and business support services; rental and leasing activities","At current prices","","","","","","","","","","","","","","","","","","","","","","","","","","","","","","93434","125284","152860","156689","196561","248018","243293","248277","253547","298382","327309","307339",
"Sejong City","Business facilities management and business support services; rental and leasing activities","At chained 2020 year prices","","","","","","","","","","","","","","","","","","","","","","","","","","","","","","109475","144177","170219","173743","214583","261483","252116","248277","249785","282323","295531","271102",
"Sejong City","Business facilities management and business support services; rental and leasing activities","Substantial contribution","","","0","0","0","0","0","0","0","0","0","0","0","0","0","0","0","0","0","0","0","0","0","0","0","0","0","0","0","0",".42",".25",".03",".34",".36","-.07","-.03",".01",".21",".09","-.16",
"Gyeonggi-do","GRDP at market prices","At current prices","","13217538","16184279","19544253","24313846","28476245","35378737","43857563","50638558","58586416","70080774","82446585","90989969","97277732","96935845","113398229","128673514","142804916","158938601","171788733","188217882","201109590","215858877","232445923","247505293","262247077","294473246","308997570","328996769","352021892","371520933","404868209","433443961","474938853","502061943","504950695","523161883","563385809","587328570","594735127","651417234",
"Gyeonggi-do","GRDP at market prices","At chained 2020 year prices","","39188066","45643355","53754762","61847288","68142580","77478447","88687821","93234742","102235202","112757466","126470130","136261948","140173103","131186613","157489985","176450868","191987948","208278894","219192560","232420946","248291301","269977343","284211648","297689149","304410670","332441726","345982954","361810379","382445134","399546067","422460874","443452378","471235705","495533858","508689650","523161883","554006378","571942091","577310292","597825993",
"Gyeonggi-do","GRDP at market prices","Substantial contribution","","","16.47","17.77","15.05","10.18","13.7","14.47","5.13","9.65","10.29","12.16","7.74","2.87","-6.41","20.05","12.04","8.81","8.49","5.24","6.04","6.83","8.73","5.27","4.74","2.26","9.21","4.07","4.57","5.7","4.47","5.74","4.97","6.27","5.16","2.65","2.85","5.9","3.24",".94","3.55",
"Gyeonggi-do","Mining and quarrying","At current prices","","67272","69639","113724","92871","110641","148913","270405","260567","275736","314479","297237","293329","278171","219289","207828","122811","150999","183520","166788","211316","195851","180102","199186","258399","245932","258351","275005","223768","268363","278208","271348","345762","359280","396938","356345","293468","307509","325916","369667","303617",
"Gyeonggi-do","Mining and quarrying","At chained 2020 year prices","","207858","188426","307411","259152","304642","308486","494158","474528","502593","501357","479352","470917","422027","311614","324704","274471","285958","312308","339143","381212","349341","362894","377188","401765","384743","364795","334716","265385","305497","321422","275479","337898","333157","375476","337697","293468","324298","316171","287385","224480",
"Gyeonggi-do","Mining and quarrying","Substantial contribution","","","-.05",".27","-.09",".07","0",".25","-.02",".03","0","-.02","-.01","-.03","-.07",".01","-.03","0",".01",".01",".01","-.01","0","0",".01","0","0","-.01","-.02",".01","0","-.01",".02","0",".01","-.01","-.01",".01","0","-.01","-.01",
"Gyeonggi-do","Manufacturing","At current prices","","4231331","5685993","7397597","9509245","11492935","13024922","15747942","16918100","20373043","25432204","31236879","32475722","32270842","33932205","40756708","47068641","49510981","54081600","56420286","65056920","66693428","70674090","75745075","78555275","83263953","100435219","107609573","115543988","127851515","133521914","146814663","156342843","177609150","190161585","180391000","188882346","204633491","209903741","199166188","238804920",
"Gyeonggi-do","Manufacturing","At chained 2020 year prices","","7802034","10027916","12961462","15249023","17486238","19642846","21925669","22255757","25074079","28385973","32329043","34642928","33103199","31726768","41253608","48313207","51584060","56300622","59132099","64567967","67089840","76550100","79976560","84589146","86050218","103413339","109977453","116271248","126578744","133280899","143416027","150720389","163096747","176560563","179697029","188882346","204483425","210164217","212335567","231591637",
"Gyeonggi-do","Manufacturing","Substantial contribution","","","9.13","10.28","6.68","5.74","4.98","4.28",".54","4.23","4.59","5.04","2.71","-1.59","-1.38","10.51","6.15","2.48","3.17","1.71","3.02","1.35","4.68","1.47","1.88",".55","6.41","2.16","1.99","3.11","1.92","2.73","1.85","2.96","3.09",".67","1.83","2.98","1.01",".37","3.04",
"Gyeonggi-do","Manufacture of Food Products and Tobacco Products","At current prices","","354310","417391","481679","540811","628129","744169","932659","1002387","1223663","1500829","1450821","1530639","1615595","1869510","1872404","2312693","2388055","2593537","2538746","2817068","2805022","2877360","2686176","2885386","2936975","3129340","3463017","3637806","4015989","4156349","4879952","5192282","5553363","5927965","6212653","6570324","6721291","7139465","7902595","8483618",
"Gyeonggi-do","Manufacture of Food Products and Tobacco Products","At chained 2020 year prices","","1677536","1908739","2032878","2175076","2250442","2335472","2653561","2615444","2822394","3024565","2929563","2979000","2993297","2945437","2891955","3552716","3669964","3835400","3659650","3776367","3761592","4205365","3482905","3661669","3777169","3840288","3987001","4369266","4710293","4631819","5248353","5340992","5704873","5989632","6316746","6570324","6959581","7652272","7367312","7743779",
"Gyeonggi-do","Manufacture of Food Products and Tobacco Products","Substantial contribution","","",".37",".17",".17",".08",".08",".29","-.03",".16",".15","-.07",".03",".01","-.03","-.04",".38",".06",".08","-.07",".05","-.01",".16","-.23",".06",".04",".02",".04",".11",".09","-.02",".15",".02",".08",".06",".06",".05",".07",".12","-.05",".07",
"Gyeonggi-do","Manufacture of Textiles and Leather","At current prices","","531060","770612","950959","1051160","1172103","1124994","1373281","1520753","1569649","1603756","1582781","1545422","1595506","1566081","1757120","1884509","2498281","2627964","2556202","2326451","2382752","2475443","2533876","2584589","2677704","3298682","3498890","3763086","4131419","4344926","4239003","4408038","4484112","4118305","3989986","4319214","3771221","3827641","3904908","3789144",
"Gyeonggi-do","Manufacture of Textiles and Leather","At chained 2020 year prices","","2237078","2981911","3350705","3560187","3809803","3574893","3609444","3487579","3244624","3055900","2819984","2602283","2498065","2158347","2586262","2768209","3653088","4076755","3895700","3426956","3571644","3837490","4061459","3897957","3668712","3978793","4000331","4382738","4759786","5017058","4764709","4540069","4921348","4420094","4045813","4319214","3920656","3696762","3294482","3290749",
"Gyeonggi-do","Manufacture of Textiles and Leather","Substantial contribution","","","1.34",".59",".3",".3","-.25",".03","-.11","-.21","-.16","-.18","-.15","-.07","-.22",".32",".11",".47",".2","-.07","-.18",".05",".09",".07","-.04","-.06",".09",".01",".11",".1",".06","-.06","-.05",".09","-.1","-.07",".05","-.08","-.04","-.07","0",
"Gyeonggi-do","Manufacture of Wood and  of Paper, printing and reproduction","At current prices","","328485","424435","568909","697973","882580","804260","987420","1068912","1175983","1660282","1791121","1703012","1767430","1674226","2149348","2297548","2468993","2753723","2654712","2783421","2832328","2790663","2714069","3045024","3715807","3859108","3953543","4076091","4217446","4478390","4691093","5152882","4891581","5490723","5409222","5501692","5758245","6053726","6313982","6262699",
"Gyeonggi-do","Manufacture of Wood and  of Paper, printing and reproduction","At chained 2020 year prices","","1324713","1562108","1998269","2237457","2739581","2383061","2598910","2628415","2646961","3154023","3222636","3063969","3176704","2852178","3336375","3554240","3504679","3715242","3677624","3666474","3748867","3924752","3981342","4314725","4530708","4804439","4811873","4750922","4710584","4982102","5006186","5369369","5095446","5294769","5271174","5501692","5513654","5449603","5204569","5271947",
"Gyeonggi-do","Manufacture of Wood and  of Paper, printing and reproduction","Substantial contribution","","",".45",".73",".35",".64","-.4",".21",".03",".01",".38",".05","-.11",".07","-.19",".29",".12","-.02",".1","-.02","0",".03",".07",".02",".1",".06",".09","0","-.02","-.01",".07",".01",".08","-.06",".04","0",".05","0","-.01","-.05",".01",
"Gyeonggi-do","Manufacture of coal, fuel, chemical products","At current prices","","731633","972940","1221936","1606057","1894087","1912738","2672978","3047545","3667695","4112375","4660692","4871345","5072165","5909190","6304743","6244010","6888516","7743506","8051957","9090723","9984994","10805278","11618218","12062414","12276814","13904482","14675592","15086821","16565324","17506746","20261770","21572168","21390406","22048851","23052638","24264015","24868824","23782779","23648580","24574075",
"Gyeonggi-do","Manufacture of coal, fuel, chemical products","At chained 2020 year prices","","2252996","2632086","3272973","4063051","4686459","5357542","5793325","6369109","7203805","8129384","8414600","9025406","8741523","8969593","10892015","11253074","12636989","13712953","13672825","14020202","14653584","15667020","15819362","16519374","15832919","16215516","16554235","16737511","18417839","19302170","21197802","22045108","22289371","23421927","23825731","24264015","24373957","23189401","22243875","22930727",
"Gyeonggi-do","Manufacture of coal, fuel, chemical products","Substantial contribution","","",".93","1.46","1.51","1.01",".95",".44",".61",".79",".8",".21",".41","-.17",".14","1.31",".18",".6",".41","-.01",".12",".22",".34",".05",".22","-.2",".11",".1",".05",".46",".23",".46",".2",".06",".23",".08",".08",".02","-.21","-.17",".12",
"Gyeonggi-do","Manufacture of Other Non-metallic Mineral Products and Metal Products","At current prices","","550850","702744","826414","1107681","1374458","1630680","2416649","2264161","2844479","3057116","3731058","3888716","4179552","3987183","4586829","5323748","5768260","6769715","7030009","8835747","9010833","9485052","10540613","10569694","10611938","13395481","13303733","13868744","14587921","15968151","16328135","17406028","18603013","18045812","18434429","17925272","20299447","20825371","22241492","23245492",
"Gyeonggi-do","Manufacture of Other Non-metallic Mineral Products and Metal Products","At chained 2020 year prices","","2522906","2959456","3229517","3809628","4739081","5814097","7281683","6925522","7910035","8324572","9245490","9689715","9877432","8256861","10039973","11580482","12088870","13820485","13974926","15711679","15975145","15439122","16225436","14419230","12441549","14022281","13486748","14088037","14698091","16118098","16894855","17603228","18842691","18293371","18409456","17925272","16386980","13925847","13819722","13822064",
"Gyeonggi-do","Manufacture of Other Non-metallic Mineral Products and Metal Products","Substantial contribution","","",".72",".4",".76","1.11","1.09","1.16","-.27",".64",".25",".48",".22",".08","-.7",".89",".62",".18",".58",".05",".51",".08","-.15",".22","-.5","-.59",".51","-.17",".19",".18",".4",".21",".17",".28","-.11",".02","-.1","-.29","-.54","-.03","0",
"Gyeonggi-do","Manufacture of electrical, Precision Instruments","At current prices","","1063712","1533679","2115150","2867676","3423228","4087378","4190255","4610339","6127932","8702172","12328100","12160666","10302223","13193140","16825869","19324017","19470965","20430272","21240352","25721730","26501207","28325058","31362558","32499183","35496332","43490868","47721568","52852237","59594531","61109305","67099377","72177064","88468633","101325741","89189751","94857025","107581185","109739582","94510068","127595479",
"Gyeonggi-do","Manufacture of electrical, Precision Instruments","At chained 2020 year prices","","782706","1186133","1754108","2103161","2352655","2722074","2957443","3109307","3852958","4679892","5980487","6467505","5420953","6626542","9190999","11039293","11898902","12747513","13838388","16222220","17622662","21203856","24031612","27149512","30157625","39188526","43662092","47356883","52582784","55545809","60572135","66136930","71701354","84050971","87176205","94857025","108036053","115865934","121624622","141860175",
"Gyeonggi-do","Manufacture of electrical, Precision Instruments","Substantial contribution","","","4.15","4.54","2.15","1.4","1.89","1",".49","2.18","2.24","3.45","1.22","-2.16","2.36","5.27","2.98","1.17",".97","1.1","2.13","1.18","2.68","1.75","1.75","1.45","4.05","1.69","1.31","1.77",".95","1.49","1.52","1.4","3.21",".75","1.56","2.52","1.38",".93","2.64",
"Gyeonggi-do","Manufacture of Machine and Transport Vehicles, other manufacturing n.e.c","At current prices","","671281","864192","1232550","1637887","2118350","2720703","3174700","3404003","3763642","4795674","5692306","6775922","7738371","5732875","7260395","9682116","10027911","11162883","12348308","13481780","13176292","13915236","14289565","14908985","15548383","19357258","20993230","22259203","24738885","25958047","29315333","30434381","34218042","33204188","34102321","35444804","35633278","38535177","40644563","44854413",
"Gyeonggi-do","Manufacture of Machine and Transport Vehicles, other manufacturing n.e.c","At chained 2020 year prices","","1694282","2087963","3022948","3709775","4364782","5313225","6110036","5961861","6553086","7482555","8678797","10051124","10932490","7179884","10179461","12964422","13009378","14540060","16079652","16970447","16481852","20221384","18924363","19845636","19333838","24340594","26211855","27145728","29246328","30200566","32269739","31820503","36880702","35660507","34764087","35444804","39292544","41231816","39945134","41048154",
"Gyeonggi-do","Manufacture of Machine and Transport Vehicles, other manufacturing n.e.c","Substantial contribution","","","1.18","2.39","1.43","1.19","1.62","1.15","-.18",".67",".91","1.09","1.09",".65","-2.73","2.47","1.75",".03",".83",".74",".4","-.21","1.49","-.41",".3","-.16","1.54",".51",".24",".52",".23",".48","-.1","1.12","-.24","-.17",".13",".74",".31","-.2",".19",
"Gyeonggi-do","Professional, scientific and technical activities","At current prices","","64048","85601","99307","122178","156121","203334","332799","513321","620911","822062","1041806","997253","1224692","1337632","1398083","1918975","1924376","2395492","3114088","3626831","3720268","5242789","4974449","6581481","7334672","7864743","8615380","9272100","9873794","10557367","11854013","12084995","12815651","13361774","14584000","16316136","17857238","20195694","22002411","21795557",
"Gyeonggi-do","Professional, scientific and technical activities","At chained 2020 year prices","","536819","652090","714715","845363","936619","1043941","1725089","1737121","2016639","2314914","2784645","2726042","3112468","3142578","3426308","4641948","4592258","5362105","5952671","6522792","7308292","9734097","8912250","10391143","10770055","10663338","11325273","11735149","12415040","13177489","14282904","14417328","14547050","14590105","15166098","16316136","16758937","18051189","18411904","17602334",
"Gyeonggi-do","Professional, scientific and technical activities","Substantial contribution","","",".1",".05",".09",".05",".06",".38",".01",".16",".16",".24","-.03",".16",".01",".12",".44","-.02",".23",".17",".17",".23",".61","-.21",".36",".1","-.03",".17",".1",".16",".17",".24",".03",".03",".01",".11",".22",".08",".24",".07","-.16",
"Gyeonggi-do","Business facilities management and business support services; rental and leasing activities","At current prices","","26497","37786","57643","82949","104527","176762","297815","384200","522897","707504","947649","1120041","1398414","1150604","1218424","1653245","1639924","2008714","2552985","2981286","3537131","3820410","4222938","4862176","4838280","5892807","5817914","6507500","7916272","9500544","11074930","11539483","12675304","13966342","14518410","14759646","14786928","15794982","17458605","17750299",
"Gyeonggi-do","Business facilities management and business support services; rental and leasing activities","At chained 2020 year prices","","70467","97471","143787","168864","184712","254470","472109","571740","754761","951175","1216653","1456144","1725352","1608687","1989538","2634653","2587386","3099663","3910136","4331844","4986087","4939515","5554199","6181337","6035556","7125029","7113510","7714166","9334604","10970799","12243351","12672728","13738901","14668796","15017092","14759646","14573963","14914522","15715743","15664286",
"Gyeonggi-do","Business facilities management and business support services; rental and leasing activities","Substantial contribution","","",".08",".11",".05",".03",".14",".43",".14",".24",".23",".28",".23",".23","-.1",".28",".35","-.02",".23",".33",".16",".24","-.02",".22",".21","-.05",".33","0",".16",".42",".39",".3",".1",".22",".18",".07","-.05","-.04",".06",".14","-.01",
"Gangwon State","GRDP at market prices","At current prices","","3732430","4280200","4891646","5468376","6066464","7156357","8088744","8885097","9647736","11135777","12904625","14998499","16305762","16073641","17201622","18027532","19114429","20697440","22745690","24099420","24930440","26509990","28483637","29737638","31003383","32613969","33942772","35448802","37267494","39794736","41872021","44677444","47451175","49092745","51349811","51573015","55267031","57723494","62160748","64615611",
"Gangwon State","GRDP at market prices","At chained 2020 year prices","","14692040","15967593","17155832","17963870","18922204","19691439","19820324","20446471","21175962","22674364","25007725","27206282","28400632","26318813","27616988","28612521","29226335","30049489","31634347","32390715","32806008","34913848","36389812","37292997","37657962","39343638","40069040","40960113","42411170","44455174","45270901","47177264","49581920","50631403","52507151","51573015","54326451","55031064","56387533","56169890",
"Gangwon State","GRDP at market prices","Substantial contribution","","","8.68","7.44","4.71","5.33","4.07",".65","3.16","3.57","7.08","10.29","8.79","4.39","-7.33","4.93","3.6","2.15","2.82","5.27","2.39","1.28","6.43","4.23","2.48",".98","4.48","1.84","2.22","3.54","4.82","1.83","4.21","5.1","2.12","3.7","-1.78","5.34","1.3","2.46","-.39",
"Gangwon State","Mining and quarrying","At current prices","","499996","635382","599460","587517","519294","557081","445030","364675","267765","334093","346183","364032","472955","308513","318894","610216","450984","488759","498131","462194","488423","476157","557873","556716","547209","548903","613666","672876","648367","717628","753303","873109","961509","772668","820225","674912","718955","647654","855767","815463",
"Gangwon State","Mining and quarrying","At chained 2020 year prices","","1618359","1831942","1686553","1577490","1357649","1289734","1033214","834416","627194","699401","685362","703655","851881","521424","564543","959498","810536","835491","861066","787473","691354","663908","650068","617441","648434","762287","750666","814770","738454","826095","760268","855643","912692","751686","790264","674912","788189","660475","714531","633581",
"Gangwon State","Mining and quarrying","Substantial contribution","","","1.77","-1.18","-.79","-1.5","-.43","-1.55","-1.06","-1.02",".32","-.06",".07",".51","-1.13",".16","1.3","-.53",".07",".07","-.19","-.23","-.08","-.04","-.1",".09",".31","-.03",".15","-.18",".21","-.14",".23",".13","-.36",".08","-.23",".22","-.21",".09","-.16",
"Gangwon State","Manufacturing","At current prices","","497281","607471","692904","875529","974106","1131125","1339434","1316525","1357085","1584654","1892962","2526118","2424091","2600343","2526318","2273265","2336648","2313217","2451535","2764922","2735672","2689761","2938017","3002042","3074013","3216211","3407155","3348974","3590546","4016343","4294398","4427338","4766515","4789804","4841382","4833246","4753846","5108512","5581415","5651344",
"Gangwon State","Manufacturing","At chained 2020 year prices","","1088062","1214085","1330357","1575797","1674703","1922958","1975377","1990017","1918224","2086005","2325529","2761876","2651124","2486012","2597382","2388721","2392023","2286030","2401615","2574145","2614849","2838574","2886458","3153464","3018959","3506547","3670384","3599734","3823724","4219605","4375959","4404630","4804329","4836980","4893911","4833246","4837463","5126579","5225944","5083493",
"Gangwon State","Manufacturing","Substantial contribution","","","1.54","1.36","2.61","1","2.38",".43",".12","-.53","1.23","1.63","2.75","-.68","-.93",".72","-1.18",".02","-.54",".57",".77",".18",".94",".17",".95","-.43","1.6",".46","-.19",".59","1",".37",".07",".9",".07",".11","-.12",".01",".51",".17","-.24",
"Gangwon State","Manufacture of Food Products and Tobacco Products","At current prices","","159393","160994","186590","213587","261828","261045","305688","304701","302096","409261","484882","728720","633133","775650","695593","471834","450163","494548","465169","558629","662835","623796","712346","736612","812337","847413","814839","652287","725475","894849","881809","935939","1022388","1082993","1154608","1197399","1196132","1318391","1423764","1422335",
"Gangwon State","Manufacture of Food Products and Tobacco Products","At chained 2020 year prices","","899604","877644","947127","1033180","1141898","997266","1056694","1031011","910227","1069861","1261651","1644852","1428806","1487630","1307944","882307","842210","888009","814176","909040","1079504","1132661","1019514","1177187","1055946","1033462","952604","787227","857484","1014816","954628","961577","1046624","1099022","1176021","1197399","1239773","1425600","1369666","1335933",
"Gangwon State","Manufacture of Food Products and Tobacco Products","Substantial contribution","","","-.1",".3",".35",".41","-.55",".22","-.09","-.4",".55",".66","1.14","-.64",".16","-.58","-1.32","-.12",".13","-.2",".24",".43",".13","-.24",".39","-.26","-.06","-.2","-.42",".16",".36","-.13",".02",".19",".11",".15",".04",".08",".32","-.09","-.06",
"Gangwon State","Manufacture of Textiles and Leather","At current prices","","22801","49383","58756","105768","120461","129976","121248","119410","84159","104902","37938","47020","44815","54423","28340","23717","19324","19255","14067","12975","13273","9576","8881","11653","20137","31466","30840","29802","35002","32475","31170","39697","47494","38343","48260","61192","40415","46540","47455","41922",
"Gangwon State","Manufacture of Textiles and Leather","At chained 2020 year prices","","70755","140766","152595","264006","288490","304088","234263","216291","138152","157580","52962","55470","51687","55258","30715","25621","20773","21879","15702","13999","14570","11455","10821","14990","24713","39325","36462","35758","41706","38725","35911","41415","52621","41235","48860","61192","41909","46037","40497","36642",
"Gangwon State","Manufacture of Textiles and Leather","Substantial contribution","","",".6",".1",".88",".18",".11","-.42","-.11","-.49",".12","-.63",".01","-.02",".02","-.15","-.03","-.02",".01","-.03","-.01","0","-.01","0",".01",".03",".04","-.01","0",".01","-.01","-.01",".01",".02","-.02",".01",".02","-.04",".01","-.01","-.01",
"Gangwon State","Manufacture of Wood and  of Paper, printing and reproduction","At current prices","","7208","7264","9832","16483","17101","14876","19319","18476","20300","28177","28206","36480","29160","28601","30623","25751","28035","29551","29430","31581","31802","44387","59552","41193","74903","84372","69761","67836","74994","81857","83757","94617","82808","88330","93862","85424","93230","109476","119822","115932",
"Gangwon State","Manufacture of Wood and  of Paper, printing and reproduction","At chained 2020 year prices","","41233","37915","48965","74911","75257","62494","72098","70262","71045","82479","77573","87653","74305","69074","67386","56476","56414","56517","57800","58977","59679","71477","94685","106638","104137","100870","78674","75340","79234","85085","85499","97641","87838","86087","92490","85424","84920","88866","91843","92238",
"Gangwon State","Manufacture of Wood and  of Paper, printing and reproduction","Substantial contribution","","","-.02",".05",".11","0","-.05",".03","-.01","0",".03","-.02",".03","-.04","-.01","0","-.03","0","0","0","0","0",".03",".05",".03","0","-.01","-.06","-.01",".01",".01","0",".03","-.02","0",".01","-.01","0",".01",".01","0",
"Gangwon State","Manufacture of coal, fuel, chemical products","At current prices","","12240","18972","20178","29029","29751","33727","55717","58532","73840","91022","118987","150159","165046","178683","142829","126586","131825","158363","151034","171161","206768","215547","223625","233968","243922","305197","353918","414817","404835","457296","563319","631555","686281","700112","791019","822540","811859","896569","943420","966685",
"Gangwon State","Manufacture of coal, fuel, chemical products","At chained 2020 year prices","","25979","35606","37830","50907","51319","57395","83234","90379","108110","133001","157495","180051","194747","186020","169343","156148","165770","193131","175917","179875","207181","233600","258830","290190","297160","341766","381819","445439","435512","492352","588690","644686","699783","738425","812226","822540","826255","938143","962134","989089",
"Gangwon State","Manufacture of coal, fuel, chemical products","Substantial contribution","","",".12",".03",".14","0",".06",".21",".06",".13",".18",".15",".13",".08","-.05","-.1","-.06",".04",".11","-.07",".01",".11",".11",".09",".1",".02",".12",".11",".17","-.03",".14",".22",".13",".12",".08",".14",".02",".01",".2",".04",".04",
"Gangwon State","Manufacture of Other Non-metallic Mineral Products and Metal Products","At current prices","","266889","331106","374370","448654","447584","521189","670944","616811","655498","653887","842031","1065926","1070716","1041371","975254","1036362","1132887","1084032","1204471","1341805","1113114","1044348","1070554","1095513","1119856","1018149","1042480","1069400","1109117","1220039","1290784","1363943","1421393","1304071","1197590","1227941","1202090","1281687","1487798","1462027",
"Gangwon State","Manufacture of Other Non-metallic Mineral Products and Metal Products","At chained 2020 year prices","","429728","470691","516543","574123","566813","697995","741265","727879","735537","728725","840993","948823","940007","794748","820492","898177","931164","843930","926368","983200","864118","935025","1008321","1002439","963516","1002947","1040980","1062745","1115915","1200837","1260023","1329302","1468377","1335330","1199886","1227941","1149971","1098388","1085881","1034427",
"Gangwon State","Manufacture of Other Non-metallic Mineral Products and Metal Products","Substantial contribution","","",".68",".75",".85","-.1","1.71",".45","-.15",".07","-.06",".9",".84","-.07","-1.01",".21",".54",".21","-.56",".51",".32","-.67",".37",".31","-.02","-.14",".15",".12",".06",".15",".23",".15",".17",".32","-.27","-.27",".05","-.15","-.1","-.03","-.11",
"Gangwon State","Manufacture of electrical, Precision Instruments","At current prices","","9302","13526","15515","24589","48438","91130","87087","90940","105826","135384","184014","234570","238457","308765","366613","286513","280932","237232","263875","292393","360976","360248","418248","387503","361464","417289","439193","480194","501153","597836","617039","598584","712483","741618","716847","679224","684362","688676","754365","831343",
"Gangwon State","Manufacture of electrical, Precision Instruments","At chained 2020 year prices","","8396","12386","15279","21679","39966","72637","72936","77809","85807","94594","118228","145366","158159","190483","261169","213323","217161","185931","213786","233063","299784","365115","359454","358373","371064","395818","417721","449297","462523","568123","571505","553789","616424","652881","709978","679224","699119","719645","901363","877738",
"Gangwon State","Manufacture of electrical, Precision Instruments","Substantial contribution","","",".12",".07",".13",".38",".65",".01",".07",".11",".11",".3",".33",".14",".3",".71","-.39",".03","-.21",".17",".1",".35",".32","-.02","0",".05",".08",".07",".1",".04",".31",".01","-.05",".15",".09",".13","-.06",".04",".04",".3","-.03",
"Gangwon State","Manufacture of Machine and Transport Vehicles, other manufacturing n.e.c","At current prices","","19448","26226","27663","37419","48943","79182","79431","107655","115366","162021","196904","263243","242764","212850","287066","302502","293482","290236","323489","356378","346904","391859","444811","495600","441394","512325","656124","634638","739970","731991","826520","763003","793668","834337","839196","759526","725758","767173","804791","811100",
"Gangwon State","Manufacture of Machine and Transport Vehicles, other manufacturing n.e.c","At chained 2020 year prices","","30641","38690","42475","54096","64691","100700","94301","128332","132878","166108","195412","230351","213010","165661","245637","261915","242941","239360","268659","286730","279397","280688","276566","358065","332359","631789","804389","762045","862087","843367","901768","792248","847654","892398","854195","759526","795516","817887","786377","738270",
"Gangwon State","Manufacture of Machine and Transport Vehicles, other manufacturing n.e.c","Substantial contribution","","",".14",".06",".15",".13",".45","-.07",".35",".04",".3",".26",".27","-.13","-.33",".64",".11","-.12","-.02",".17",".1","-.04",".01","-.02",".46","-.12","1.28",".43","-.1",".24","-.04",".13","-.24",".12",".09","-.07","-.18",".07",".04","-.05","-.08",
"Gangwon State","Professional, scientific and technical activities","At current prices","","15521","19028","20553","22114","27182","79905","65010","86166","92406","104609","123803","124173","156170","168447","168051","201148","205287","225380","299846","323039","289417","370590","353059","443913","471569","563461","538695","555906","589230","599457","647339","767381","795261","856624","962415","1075291","1294590","1268059","1441793","1485948",
"Gangwon State","Professional, scientific and technical activities","At chained 2020 year prices","","109758","126829","136501","148176","156170","395331","272158","291168","337520","301758","322943","304824","369320","371505","380042","434406","429203","446356","513861","507384","560902","675890","618888","689417","687111","758267","705329","703980","738049","745713","778547","910582","898531","935562","1000304","1075291","1212840","1129782","1208918","1205201",
"Gangwon State","Professional, scientific and technical activities","Substantial contribution","","",".06",".03",".04",".02",".69","-.35",".06",".15","-.1",".07","-.05",".18",".01",".02",".14","-.01",".04",".16","-.02",".14",".24","-.12",".14","0",".16","-.12","0",".08",".02",".07",".26","-.02",".07",".12",".14",".27","-.16",".15","-.01",
"Gangwon State","Business facilities management and business support services; rental and leasing activities","At current prices","","14864","18944","24909","30625","35413","135025","83415","80613","84707","94546","115269","140353","169144","179588","115959","141769","146435","166902","188012","233596","274257","293906","351459","395177","436487","533806","657070","726684","840590","975295","1091251","1198252","1258283","1365108","1446642","1155421","1113836","1273992","1687018","1803176",
"Gangwon State","Business facilities management and business support services; rental and leasing activities","At chained 2020 year prices","","41456","53141","67608","69348","72334","148601","92279","89416","102807","104319","120961","154679","184416","206581","191120","223449","235161","263971","293196","342428","345811","371926","456361","497037","529040","630609","786793","844033","967008","1093521","1176331","1273278","1328397","1404643","1472474","1155421","1101035","1189412","1443704","1522027",
"Gangwon State","Business facilities management and business support services; rental and leasing activities","Substantial contribution","","",".11",".12",".01",".02",".62","-.72","-.03",".14",".01",".14",".25",".18",".12","-.08",".11",".04",".09",".09",".14",".01",".08",".25",".11",".09",".27",".41",".14",".3",".3",".19",".21",".12",".15",".13","-.61","-.11",".16",".47",".15",
"Chungcheongbuk-do","GRDP at market prices","At current prices","","3182933","3380766","3801398","4485028","5234989","6404424","7871956","9101250","10661114","12911270","15511639","17482879","18350640","18096283","20434945","21587171","22570475","24327890","25878635","29212220","29356033","31752228","34320576","35232375","37372915","42400624","45575555","47904011","50305151","52870338","58256451","63793617","69598516","74435481","76210571","75771650","80518621","84809085","87591806","91794456",
"Chungcheongbuk-do","GRDP at market prices","At chained 2020 year prices","","9929060","10244301","10940286","12186338","13552460","14998294","16586656","17566048","19567069","21868799","24460776","26857234","27531374","25225011","29042866","30759435","31399555","32854939","33969422","37093356","36994597","40092739","42852894","42006697","44499743","48281076","51087989","52866554","55028729","57390092","61313685","65640226","70008958","74445943","77100362","75771650","80225958","83583153","82957351","81746448",
"Chungcheongbuk-do","GRDP at market prices","Substantial contribution","","","3.17","6.79","11.39","11.21","10.67","10.59","5.9","11.39","11.76","11.85","9.8","2.51","-8.38","15.14","5.91","2.08","4.64","3.39","9.2","-.27","8.37","6.88","-1.97","5.93","8.5","5.81","3.48","4.09","4.29","6.84","7.06","6.66","6.34","3.57","-1.72","5.88","4.18","-.75","-1.46",
"Chungcheongbuk-do","Mining and quarrying","At current prices","","61839","58170","57080","57392","51560","83221","93840","73466","80120","93600","111040","97613","110514","105857","95084","139446","158019","125905","135317","150725","161898","146294","157585","160119","121555","147322","173704","173374","155932","144213","157733","200723","231188","245718","202513","178637","196379","195778","261630","229806",
"Chungcheongbuk-do","Mining and quarrying","At chained 2020 year prices","","230083","189390","184734","187258","165868","203426","205457","161180","175642","178530","209032","182081","193741","174778","170739","300591","310653","277805","307007","290379","252580","236113","247726","238526","158426","208956","210383","206071","177111","166302","159078","194816","213072","230986","191017","178637","207328","189047","201704","168692",
"Chungcheongbuk-do","Mining and quarrying","Substantial contribution","","","-.34","-.04",".02","-.15",".22",".01","-.26",".07",".01",".12","-.09",".04","-.06","-.01",".35",".02","-.07",".05","-.03","-.07","-.04",".02","-.02","-.15",".1","0","-.01","-.05","-.02","-.01",".06",".03",".03","-.06","-.02",".04","-.02",".02","-.05",
"Chungcheongbuk-do","Manufacturing","At current prices","","938718","927788","980824","1265308","1615040","1895652","2414882","2746890","3356541","4599349","5737982","6391672","6426394","6269136","7347457","7714650","7723993","8454468","8588938","10196221","10193147","11178898","12428956","12587629","13193736","16598665","18207206","18979379","20468907","21835760","24832329","27651333","31424618","33812881","34570157","33672919","36559829","38447852","37518679","38626868",
"Chungcheongbuk-do","Manufacturing","At chained 2020 year prices","","2158820","1989850","2051155","2462972","2990141","3540121","3996537","4292351","4907842","6187590","7128091","8124985","7813323","6845867","8600000","9207277","9311863","10104959","10288119","11572114","11712965","13345014","14829409","14044974","15284259","17833448","19299001","19954945","21269758","22811119","25193185","27515321","30489909","33051601","34954407","33672919","36539459","37935419","36416969","34013884",
"Chungcheongbuk-do","Manufacturing","Substantial contribution","","","-2.31",".85","5.18","6.04","5.67","3.82","2.27","4.33","8.21","5.41","5.17","-1.4","-4.34","8.88","2.54",".41","2.91",".63","4.14",".42","4.84","3.92","-1.92","3.15","5.89","3.22","1.36","2.61","2.95","4.31","3.93","4.69","3.79","2.62","-1.66","3.78","1.73","-1.81","-2.83",
"Chungcheongbuk-do","Manufacture of Food Products and Tobacco Products","At current prices","","164811","177471","162804","191553","222619","248313","323939","365351","405965","621328","640497","767473","832155","946414","1051302","965257","974116","1108514","1094341","1106694","1185376","1168968","1348893","1448479","1453764","1688604","1840383","1933865","2212894","2291989","2411009","2623339","2670923","2788354","3013603","3218919","3240367","3503108","3782806","3909151",
"Chungcheongbuk-do","Manufacture of Food Products and Tobacco Products","At chained 2020 year prices","","849211","883141","752753","843608","880611","860528","1017595","1059343","1041114","1390917","1436198","1646135","1704102","1647281","1793919","1638639","1654717","1811159","1742736","1638432","1756524","1732766","1768593","1976049","2004931","2075659","2126945","2328218","2605267","2571950","2598024","2696559","2740052","2818502","3064222","3218919","3355086","3756555","3534226","3575251",
"Chungcheongbuk-do","Manufacture of Food Products and Tobacco Products","Substantial contribution","","",".21","-.78",".52",".19","-.1",".71",".17","-.07","1.28",".16",".6",".15","-.15",".47","-.45",".04",".41","-.17","-.25",".27","-.05",".08",".46",".06",".14",".1",".38",".48","-.06",".04",".16",".07",".11",".33",".2",".18",".48","-.24",".05",
"Chungcheongbuk-do","Manufacture of Textiles and Leather","At current prices","","367707","204519","197796","151012","170926","133995","162556","198950","234510","298505","322617","420744","458146","469980","489106","555220","496830","462320","412732","385949","346043","335802","272498","307387","336452","354695","370156","351927","399708","394269","397770","391852","384831","419862","411762","451216","406300","401446","364867","341034",
"Chungcheongbuk-do","Manufacture of Textiles and Leather","At chained 2020 year prices","","1295232","661884","583206","427934","465017","356395","357502","381843","405684","475843","480882","592679","600110","541789","602224","682385","607875","600226","526426","475829","434232","435912","335847","323603","308908","427033","415618","404699","457149","453116","444787","404954","424088","454058","419614","451216","425780","380627","307727","297923",
"Chungcheongbuk-do","Manufacture of Textiles and Leather","Substantial contribution","","","-5.65","-.72","-1.39",".29","-.76",".01",".14",".14",".38",".02",".48",".03","-.24",".29",".32","-.28","-.03","-.23","-.15","-.12","0","-.24","-.03","-.04",".34","-.02","-.02",".1","-.01","-.01","-.06",".03",".04","-.04",".04","-.03","-.05","-.09","-.01",
"Chungcheongbuk-do","Manufacture of Wood and  of Paper, printing and reproduction","At current prices","","22448","41871","44728","83164","104103","154239","170191","193137","217896","282336","332401","375807","385754","382899","507720","546195","560814","607512","622496","531813","471218","477934","507555","500582","557197","632441","757032","890036","823397","872881","922813","937791","1004738","1119887","876051","878755","906918","999309","1054353","1022787",
"Chungcheongbuk-do","Manufacture of Wood and  of Paper, printing and reproduction","At chained 2020 year prices","","101085","172094","175477","297759","360988","510546","500430","530526","547864","599094","668122","755331","774497","728656","880411","943896","889280","915619","963351","782581","696716","707256","733714","704959","816687","833610","977815","1068671","942416","1006189","1004848","983367","1066412","1086897","852820","878755","869059","896324","847153","853210",
"Chungcheongbuk-do","Manufacture of Wood and  of Paper, printing and reproduction","Substantial contribution","","",".5",".02",".82",".39",".82","-.05",".13",".07",".19",".25",".28",".05","-.12",".44",".18","-.15",".07",".13","-.45","-.2",".02",".06","-.06",".23",".03",".26",".15","-.22",".11","0","-.03",".12",".03","-.32",".03","-.01",".04","-.06",".01",
"Chungcheongbuk-do","Manufacture of coal, fuel, chemical products","At current prices","","113130","160741","201501","306970","436440","415554","658587","681802","821482","1097813","1168356","1328885","1553780","1537499","1626251","1312523","1380653","1598294","1616399","1761996","2251664","2499822","2781102","2800694","2588065","3657849","3815095","3908319","4320343","4513814","5502116","6169740","6498604","7048703","7617053","8524884","9214776","9144095","8929642","8995883",
"Chungcheongbuk-do","Manufacture of coal, fuel, chemical products","At chained 2020 year prices","","310531","387882","481170","692122","963014","1032049","1273525","1272169","1441178","1938212","1883295","2201703","2395950","2086389","2513255","2117972","2270045","2538192","2459571","2432387","2958763","3350696","3607764","3482904","3741348","4194045","4212221","4279229","4741618","4931587","5743903","6281348","6653985","7382950","7855695","8524884","8856941","8936968","8601208","8698242",
"Chungcheongbuk-do","Manufacture of coal, fuel, chemical products","Substantial contribution","","",".89","1.14","2.32","2.68",".6","1.52","-.01","1","2.66","-.24","1.27",".67","-1.09","1.74","-1.25",".44",".72","-.2","-.07","1.31","1.02",".6","-.28",".59",".84",".04",".13",".88",".34","1.41",".88",".57","1.02",".61",".85",".44",".1","-.41",".12",
"Chungcheongbuk-do","Manufacture of Other Non-metallic Mineral Products and Metal Products","At current prices","","138998","169747","171479","239129","251020","335485","440720","466249","594052","692730","941510","1198440","1049774","785444","937578","1117118","1141209","1229898","1333632","1508102","1485160","1569906","1706151","1887871","1764194","2266070","2403218","2560210","2709050","2906596","3306479","3704024","4063796","3589840","3676067","3583821","3862960","4253407","4637916","4691225",
"Chungcheongbuk-do","Manufacture of Other Non-metallic Mineral Products and Metal Products","At chained 2020 year prices","","376645","407628","399075","514702","534980","754212","824277","865005","1030190","1187296","1463738","1876438","1548406","1013125","1297976","1561673","1527491","1582219","1683115","1762485","1763879","2060033","2206947","2107573","2117259","2318648","2429267","2584895","2736270","2915569","3358152","3702495","4126067","3632723","3665351","3583821","3277914","3067078","3041335","2967972",
"Chungcheongbuk-do","Manufacture of Other Non-metallic Mineral Products and Metal Products","Substantial contribution","","",".36","-.11","1.31",".21","1.96",".49",".28",".98",".85","1.25","1.71","-1.2","-1.98","1.22",".93","-.11",".18",".32",".24","0",".85",".35","-.22",".02",".45",".25",".34",".31",".35",".83",".58",".66","-.7",".04","-.11","-.4","-.31","-.04","-.13",
"Chungcheongbuk-do","Manufacture of electrical, Precision Instruments","At current prices","","98160","127504","152770","222931","273703","411284","429823","558055","770348","1171547","1801368","1671071","1340057","1573387","2050129","2439826","2397552","2656894","2654280","3988530","3453793","4038101","4418877","4331628","4855597","5790381","6561944","7038583","7365410","7891912","9254093","10507073","13350843","14978638","14549338","12758990","14581125","15374040","13302438","13909590",
"Chungcheongbuk-do","Manufacture of electrical, Precision Instruments","At chained 2020 year prices","","89341","122702","157386","202346","232058","337735","374229","465887","600197","776487","1070223","1098739","878061","983632","1399743","1747857","1841195","2093740","2193263","3204000","2938503","3580195","4335106","3946727","4520050","5517796","6338575","6705978","6936608","7710506","8867089","10096181","11839936","13500516","14550964","12758990","14960848","15894607","14785387","12088989",
"Chungcheongbuk-do","Manufacture of electrical, Precision Instruments","Substantial contribution","","","1.15","1.07","1.15",".73","2.38",".69","1.34","1.77","2.12","3.43",".31","-1.92",".88","3.68","2.5",".6","1.46",".52","4.73","-1.13","2.57","2.68","-1.15","1.79","2.87","2.03",".83",".51","1.63","2.24","2.2","2.84","2.69","1.57","-2.35","2.91","1.13","-1.27","-2.77",
"Chungcheongbuk-do","Manufacture of Machine and Transport Vehicles, other manufacturing n.e.c","At current prices","","33464","45935","49746","70549","156229","196782","229066","283346","312288","435090","531233","629252","806728","573513","685371","778511","772819","791036","855058","913137","999893","1088365","1393880","1310988","1638467","2208625","2459378","2296439","2638105","2964299","3038049","3317514","3450883","3867597","4426283","4256334","4347383","4772447","5446657","5757198",
"Chungcheongbuk-do","Manufacture of Machine and Transport Vehicles, other manufacturing n.e.c","At chained 2020 year prices","","118104","145308","167882","225587","447416","562351","644883","695000","795419","993411","1152787","1325256","1621965","1022653","1359557","1485618","1428961","1470690","1591692","1639514","1791125","2016840","2245284","1895903","2153911","2753709","3049376","2787838","3110323","3448798","3328814","3456115","3711125","4161428","4513843","4256334","4793831","5101237","5370822","5293397",
"Chungcheongbuk-do","Manufacture of Machine and Transport Vehicles, other manufacturing n.e.c","Substantial contribution","","",".24",".21",".45","1.55",".77",".45",".23",".45",".73",".54",".51",".81","-1.62","1.04",".31","-.14",".1",".27",".1",".29",".43",".39","-.63",".51","1.22",".56","-.46",".55",".57","-.2",".2",".38",".6",".44","-.33",".71",".35",".3","-.09",
"Chungcheongbuk-do","Professional, scientific and technical activities","At current prices","","8723","9860","10879","10273","12916","18702","35507","94201","103908","111344","130001","139886","172584","189741","186145","213262","236935","223290","288448","329030","370998","440007","430283","553130","618951","662383","695655","745602","833667","851885","931958","1010071","1112592","1263732","1396925","1514928","1712804","1745779","2163555","2144978",
"Chungcheongbuk-do","Professional, scientific and technical activities","At chained 2020 year prices","","71913","80627","85239","80961","84618","102962","201113","347862","379376","336600","344508","386233","480799","482109","486332","601165","614555","543437","609862","649458","751731","838355","786178","886618","915456","906209","923843","951256","1051496","1067416","1129472","1200363","1258063","1380626","1451672","1514928","1602834","1549132","1809725","1736941",
"Chungcheongbuk-do","Professional, scientific and technical activities","Substantial contribution","","",".03",".02","-.01",".01",".05",".28",".33",".09","-.11",".02",".1",".2","0",".01",".22",".02","-.12",".11",".07",".18",".15","-.09",".16",".05","-.02",".03",".05",".16",".03",".09",".1",".08",".16",".09",".08",".12","-.07",".35","-.1",
"Chungcheongbuk-do","Business facilities management and business support services; rental and leasing activities","At current prices","","6431","7561","10004","13989","18204","22078","35337","75694","98580","104503","127485","142772","186141","203646","231912","288472","326477","297225","386818","429618","555555","625462","764960","799342","862928","1069568","1579336","1754067","1596994","1623138","1655091","1702890","1795644","1916637","2183653","2161041","2106009","2356130","2447346","2519868",
"Chungcheongbuk-do","Business facilities management and business support services; rental and leasing activities","At chained 2020 year prices","","17587","21634","28553","32928","36767","46589","84531","148961","160427","158280","189310","213471","261742","285693","363781","437350","485538","431484","559799","590631","726112","813830","1012269","1022286","1086859","1301752","1939497","2078440","1884928","1875144","1838385","1882377","1963498","2027713","2275117","2161041","2073266","2228892","2217878","2235158",
"Chungcheongbuk-do","Business facilities management and business support services; rental and leasing activities","Substantial contribution","","",".05",".07",".04",".04",".09",".28",".34",".06","-.01",".16",".1",".18",".09",".31",".23",".15","-.16",".36",".08",".34",".23",".48",".02",".14",".46","1.24",".25","-.34","-.02","-.06",".07",".12",".08",".31","-.14","-.12",".2","-.01",".02",
"Chungcheongnam-do","GRDP at market prices","At current prices","","6012115","7028220","7834146","9450905","6731415","7731582","9413067","11275588","13244673","16244546","19008910","21989873","25823515","26187287","29895136","33460520","35689914","39666374","44551148","50107137","53578311","56973611","61657190","66729178","74655944","86409423","93451882","95761320","96077771","99293207","104232835","110329172","120242248","122192547","120090285","122866948","135882266","140928250","141759598","150681268",
"Chungcheongnam-do","GRDP at market prices","At chained 2020 year prices","","19049730","21207042","22688903","25545317","18554004","18736324","20051553","22049692","24358109","27537026","29979514","33713519","38014608","36073192","41732128","46305480","48216411","52030578","57385801","62583764","68527827","74226564","78479291","82479509","84854190","94440866","100715141","101798114","100725908","103895633","105415121","109138568","117356836","120403679","121633745","122866948","129853261","133543615","133617103","135065463",
"Chungcheongnam-do","GRDP at market prices","Substantial contribution","","","11.32","6.99","12.59","-27.37",".98","7.02","9.97","10.47","13.05","8.87","12.46","12.76","-5.11","15.69","10.96","4.13","7.91","10.29","9.06","9.5","8.32","5.73","5.1","2.88","11.3","6.64","1.08","-1.05","3.15","1.46","3.53","7.53","2.6","1.02","1.01","5.69","2.84",".06","1.08",
"Chungcheongnam-do","Mining and quarrying","At current prices","","37966","55107","66852","65730","58783","80462","99952","105116","154538","202310","206510","203129","190555","169606","212295","117647","127995","132701","179413","139798","139735","184155","154859","228819","223219","171629","198065","174091","164526","139474","141482","171641","134880","113188","103555","116553","132654","121426","159403","156180",
"Chungcheongnam-do","Mining and quarrying","At chained 2020 year prices","","139181","175481","208940","214065","190926","193651","213107","225433","331836","376952","382070","373502","330110","276949","380768","234807","235286","224172","260201","221265","236398","352437","280648","348167","342464","244138","241558","207819","186636","160229","142209","166065","124011","106136","97571","116553","140332","116923","121802","115423",
"Chungcheongnam-do","Mining and quarrying","Substantial contribution","","",".16",".15",".02","-.08",".01",".1",".06",".44",".16",".02","-.02","-.11","-.12",".24","-.27","0","-.02",".05","-.06",".02",".13","-.07",".06","-.01","-.09","0","-.03","-.02","-.02","-.02",".02","-.04","-.02","-.01",".02",".02","-.02","0","-.01",
"Chungcheongnam-do","Manufacturing","At current prices","","1016077","1237779","1452641","1777581","1217424","1345938","1905205","2465781","2968528","3937550","4873287","5681443","7590966","8301649","10105749","12400469","12904769","14733832","16227005","19586717","21670622","23203558","25954415","29054272","34823195","43001698","48584084","48500081","47767429","47972497","48439968","51432461","60027821","61510972","57804995","58184173","66747908","70273681","67078263","70803629",
"Chungcheongnam-do","Manufacturing","At chained 2020 year prices","","2904773","3290672","3689976","4201856","3500136","3631807","3875759","4360059","4907157","5996025","6960478","8223023","10518125","10257096","13509490","16825020","17641072","20080186","22004061","24793908","27844127","31563231","34031496","36214392","38143253","44730721","49492155","48908513","47603864","48688914","48052533","50048108","56064204","57996978","57701811","58184173","63082127","64782703","64816116","65357927",
"Chungcheongnam-do","Manufacturing","Substantial contribution","","","2.25","2.14","2.57","-3.14",".68","1.17","2.53","2.74","4.97","3.9","4.65","7.21","-.73","10.05","8.3","1.8","5","3.56","4.62","4.81","5.4","3.18","2.7","2.32","8.06","5.3","-.61","-1.35","1.13","-.63","1.93","5.6","1.72","-.26",".4","3.99","1.32",".03",".4",
"Chungcheongnam-do","Manufacture of Food Products and Tobacco Products","At current prices","","253870","269740","273377","310650","260838","314711","413155","464267","573218","682932","698308","770574","868539","1016951","1093403","1167001","1181704","1314871","1371380","1478601","1421121","1428299","1645929","1480443","1794254","1794941","1932349","1949388","2022272","2021070","2219134","2237568","2381723","2576727","2640057","2793465","2815506","3070306","3525584","3792308",
"Chungcheongnam-do","Manufacture of Food Products and Tobacco Products","At chained 2020 year prices","","1308333","1342677","1255851","1359934","1346184","1349626","1393398","1320014","1442125","1500832","1537678","1635471","1755711","1746924","1841469","1954976","1980860","2121447","2156575","2161547","2079365","2186225","2142155","2200246","2176187","2207870","2212003","2354821","2382705","2251114","2383526","2302479","2448650","2600021","2682812","2793465","2914367","3283512","3257285","3433646",
"Chungcheongnam-do","Manufacture of Food Products and Tobacco Products","Substantial contribution","","",".11","-.25",".29","-.03",".01",".13","-.23",".38",".18",".1",".23",".26","-.02",".21",".23",".05",".23",".05",".01","-.11",".14","-.05",".07","-.02",".03","0",".13",".02","-.12",".12","-.07",".13",".12",".07",".09",".1",".26","-.02",".13",
"Chungcheongnam-do","Manufacture of Textiles and Leather","At current prices","","229006","272348","306571","292993","230384","192451","238761","243027","239241","257869","237997","301244","366195","317308","390592","388253","382577","363895","318606","319194","282159","258518","255262","258219","291041","396398","430409","459643","477097","478703","428724","396444","390835","384203","321131","395869","376364","428025","475370","469060",
"Chungcheongnam-do","Manufacture of Textiles and Leather","At chained 2020 year prices","","783033","855833","877849","806099","800269","620950","554009","453155","402213","399648","344808","412445","466251","355497","467563","463962","455151","459578","395306","382813","344435","390523","409232","374012","336550","473317","472486","518881","538999","544788","469124","414035","437534","419879","328724","395869","396210","404219","399688","406680",
"Chungcheongnam-do","Manufacture of Textiles and Leather","Substantial contribution","","",".35",".1","-.32","-.02","-.77","-.27","-.46","-.24","-.01","-.22",".25",".18","-.34",".38","-.01","-.02",".01","-.13","-.02","-.06",".07",".02","-.04","-.04",".16","0",".05",".02",".01","-.07","-.05",".02","-.01","-.07",".05","0",".01","0",".01",
"Chungcheongnam-do","Manufacture of Wood and  of Paper, printing and reproduction","At current prices","","125939","143734","158099","195299","93615","109068","132994","181726","208976","316008","392580","410921","484153","482954","591059","533677","508828","557294","575324","641670","507069","537020","520669","525368","651983","659907","668030","672507","675212","729334","743675","809326","768225","818688","751548","774979","796130","871855","901040","925995",
"Chungcheongnam-do","Manufacture of Wood and  of Paper, printing and reproduction","At chained 2020 year prices","","650440","677709","711554","802472","492757","519886","488497","572677","602851","769340","905179","947484","1115415","1054603","1175992","1058213","925767","963744","1021625","1083452","860254","899809","878258","834821","927048","875862","866351","816047","780841","847416","816259","856322","812744","795041","732865","774979","759072","776383","723000","769716",
"Chungcheongnam-do","Manufacture of Wood and  of Paper, printing and reproduction","Substantial contribution","","",".09",".1",".26","-.8",".08","-.09",".24",".08",".44",".34",".1",".33","-.1",".21","-.2","-.2",".06",".08",".08","-.26",".04","-.02","-.04",".09","-.05","-.01","-.04","-.03",".06","-.03",".04","-.04","-.01","-.05",".04","-.01",".01","-.04",".04",
"Chungcheongnam-do","Manufacture of coal, fuel, chemical products","At current prices","","169231","254033","333826","421850","234707","249442","448238","671926","694999","919892","1191929","1324574","1961139","2656579","2773761","3434935","3644370","3858185","4411640","5766375","5376901","6141376","6145897","6903747","7305937","9336732","10446701","11534385","10834096","12257644","12120734","12897733","14202390","14085770","13235865","11595565","15712586","18665277","17399815","17820393",
"Chungcheongnam-do","Manufacture of coal, fuel, chemical products","At chained 2020 year prices","","554224","736930","956045","1139037","801606","919370","1101032","1468854","1436653","1913978","2259927","2575547","3541100","4213660","4986874","6338088","6882219","7157195","7738481","9012645","8093028","8981286","9129100","10015318","10616031","11477977","11706798","12698490","11778408","13647122","12957437","13411658","14376921","14417960","13680537","11595565","13031661","14770570","14572991","15570991",
"Chungcheongnam-do","Manufacture of coal, fuel, chemical products","Substantial contribution","","",".93","1.07",".82","-1.32",".51",".64","1.59","-.13","1.74","1.02",".88","2.26","1.44","1.86","2.51",".88",".41",".79","1.63","-1.17","1.1",".18",".97",".62",".79",".22",".95","-.87","1.79","-.62",".41",".84",".03","-.59","-1.68","1.17","1.54","-.18",".84",
"Chungcheongnam-do","Manufacture of Other Non-metallic Mineral Products and Metal Products","At current prices","","116854","142006","187683","253520","151910","205774","383170","363203","469060","557232","768796","987770","1171104","1031116","1098284","1310186","1447417","1629253","1976555","2385462","3115739","3323710","4152730","4711116","5698565","7172012","8466784","7778975","7937562","7662194","7916766","8286913","8667992","8772386","8349697","8031402","10004360","10176389","10402701","10048245",
"Chungcheongnam-do","Manufacture of Other Non-metallic Mineral Products and Metal Products","At chained 2020 year prices","","382642","427169","526180","629671","495585","661626","893148","779153","928935","1087089","1369294","1773823","2004567","1544485","1730933","2061703","2203577","2421295","2843897","3042489","4026629","4627399","5465087","5471109","5536868","6760976","7759286","7208713","7488665","7370973","7871317","8118193","8419475","8396272","8093442","8031402","7502057","6425744","6524602","6410724",
"Chungcheongnam-do","Manufacture of Other Non-metallic Mineral Products and Metal Products","Substantial contribution","","",".23",".47",".47","-.57",".76",".93","-.52",".62",".6",".89","1.19",".58","-1.04",".48",".7",".27",".4",".72",".31","1.54",".87","1.06",".01",".08","1.69","1.23","-.64",".32","-.13",".52",".24",".28","-.02","-.26","-.05","-.43","-1.06",".11","-.13",
"Chungcheongnam-do","Manufacture of electrical, Precision Instruments","At current prices","","57371","80696","102649","175098","147815","177572","162571","328295","455759","723108","875414","1013678","1209178","1548646","2213908","2912402","2889402","3629850","4072344","5216733","6955691","7210941","8519035","10675944","14014357","17448322","19422356","18809319","17466136","15946660","15555656","16705720","21929568","24098578","22112501","23209665","25875074","24804436","20379004","22826846",
"Chungcheongnam-do","Manufacture of electrical, Precision Instruments","At chained 2020 year prices","","73378","106730","143745","218900","205276","224534","189377","338287","440887","599215","657558","838056","997629","1212491","1901428","2626074","2811033","3643941","4310899","5357499","7631109","9009671","10157296","11536467","12806418","15525645","17628282","16845003","15473892","14712392","14204111","15435941","18041581","20267309","21686375","23209665","26064707","26063242","25485076","24700514",
"Chungcheongnam-do","Manufacture of electrical, Precision Instruments","Substantial contribution","","",".43",".4",".69","-.12",".21","-.36","1.36",".88","1.24",".43","1.26",".88","1.01","3.36","2.82",".61","2.4","1.67","2.22","4.42","2.35","1.61","1.88","1.76","3.99","2.73","-.92","-1.6","-.89","-.55","1.29","2.56","2.25","1.38","1.29","2.32","0","-.39","-.44",
"Chungcheongnam-do","Manufacture of Machine and Transport Vehicles, other manufacturing n.e.c","At current prices","","63806","75222","90436","128171","98155","96920","126316","213337","327275","480509","708263","872682","1530658","1248095","1944742","2654015","2850471","3380484","3501156","3778682","4011942","4303694","4714893","4499435","5067058","6193386","7217455","7295864","8355054","8876892","9455279","10098757","11687088","10774620","10394196","11383228","11167888","12257393","13994749","14920782",
"Chungcheongnam-do","Manufacture of Machine and Transport Vehicles, other manufacturing n.e.c","At chained 2020 year prices","","184246","202403","248205","328436","260863","240548","275402","388125","623802","823434","1191604","1428192","2408273","1724224","3008713","4044980","4151652","4925114","5136661","5395429","5728000","6368844","6698163","6570260","6403177","7764074","8984743","8832438","9751280","10221819","10219144","10304240","12348340","11537581","10575825","11383228","12414053","13255676","14087169","14007290",
"Chungcheongnam-do","Manufacture of Machine and Transport Vehicles, other manufacturing n.e.c","Substantial contribution","","",".1",".24",".37","-.28","-.11",".18",".55","1.15",".79","1.32",".74","2.72","-1.68","3.55","2.24",".21","1.49",".37",".4",".46",".84",".39","-.15","-.17","1.44","1.13","-.13",".79",".42","0",".08","1.82","-.64","-.74",".66",".84",".56",".55","-.06",
"Chungcheongnam-do","Professional, scientific and technical activities","At current prices","","173043","235220","261892","297461","133792","60564","69077","114888","138459","156483","195850","217149","258528","281776","287143","333871","272801","332444","454020","504347","493437","483861","537318","613867","644831","702793","782233","878868","955957","998580","1073922","1169527","1384085","1537291","1678939","1893851","2013027","2278557","2508907","2436033",
"Chungcheongnam-do","Professional, scientific and technical activities","At chained 2020 year prices","","1195728","1554302","1605949","1722637","693089","260535","285718","387299","470026","462826","548200","572974","643671","654618","688762","793519","645369","735609","888608","920289","948045","879835","943108","961605","943954","965049","1043758","1129394","1215311","1260497","1310480","1401460","1577202","1684209","1747060","1893851","1878497","2013628","2075170","1948781",
"Chungcheongnam-do","Professional, scientific and technical activities","Substantial contribution","","",".86",".11",".24","-1.88","-1.24",".08",".26",".22","-.02",".18",".05",".12",".02",".06",".15","-.19",".11",".17",".04",".03","-.07",".06",".02","-.02",".02",".07",".07",".07",".04",".04",".07",".13",".08",".05",".12","-.01",".11",".05","-.11",
"Chungcheongnam-do","Business facilities management and business support services; rental and leasing activities","At current prices","","44027","71628","113181","169464","196992","55583","53467","88877","121314","132643","174526","207783","249226","260194","302446","385586","325257","333311","470424","529778","573346","562914","698749","717927","937851","1255940","1157501","1265332","1449725","1625277","1802149","1832248","2006042","2109130","2273066","2231051","2266956","2507218","2718870","2731421",
"Chungcheongnam-do","Business facilities management and business support services; rental and leasing activities","At chained 2020 year prices","","130209","222946","321039","396226","396051","120547","125559","172784","244424","243571","286528","333126","352618","367028","458268","569406","473846","474546","667684","714592","736069","717799","906699","901794","1167804","1512168","1409053","1497945","1709554","1879722","2002970","2026486","2194000","2232331","2365829","2231051","2234140","2372613","2460323","2421408",
"Chungcheongnam-do","Business facilities management and business support services; rental and leasing activities","Substantial contribution","","",".52",".45",".34","0","-2.04",".03",".21",".33","0",".14",".15",".06",".04",".25",".25","-.19","0",".34",".07",".03","-.03",".26","-.01",".32",".37","-.1",".08",".19",".15",".11",".02",".14",".03",".1","-.11","0",".1",".07","-.03",
"Jeonbuk State","GRDP at market prices","At current prices","","3408364","3922780","4329180","5087051","5605091","6641265","8100318","9475128","10696561","13421424","15126886","17360650","19104615","18247163","19720682","21344735","22768370","24402377","25471037","27429850","28101033","29772717","31960945","34057094","37224515","39566493","41891588","43194212","45597181","47364315","49231041","50102714","52196096","53437977","55083789","56361767","59431746","61285279","63751865","66792381",
"Jeonbuk State","GRDP at market prices","At chained 2020 year prices","","13216547","14344544","15023244","17008482","17116082","17884052","19738442","21042420","22278711","24124221","27767845","30229772","31998332","29183058","31881310","33791477","34974667","36162905","36587253","37849547","38734519","40512191","42604307","44178617","44718542","47196951","48939600","49649024","51838417","52881227","53156859","52777144","54489564","55221867","56458982","56361767","58223882","58988748","58395707","59321350",
"Jeonbuk State","GRDP at market prices","Substantial contribution","","","8.53","4.73","13.21",".63","4.49","10.37","6.61","5.88","8.28","15.1","8.87","5.85","-8.8","9.25","5.99","3.5","3.4","1.17","3.45","2.34","4.59","5.16","3.7","1.22","5.54","3.69","1.45","4.41","2.01",".52","-.71","3.24","1.34","2.24","-.17","3.3","1.31","-1.01","1.59",
"Jeonbuk State","Mining and quarrying","At current prices","","26442","32417","32610","40881","38477","45412","50652","45419","76596","108288","109871","90877","90911","89220","121354","85023","83679","71970","44312","71025","81720","94006","100375","93732","97547","89861","98378","100514","133665","136230","140409","147520","137546","126158","111766","112008","102246","95926","100331","90697",
"Jeonbuk State","Mining and quarrying","At chained 2020 year prices","","104619","111467","112410","144657","135029","116349","114358","103345","174632","213992","215656","177434","167219","154673","231475","177382","171684","148252","106209","122503","142797","183979","185784","144542","152573","128212","120174","120082","151730","156588","141112","142710","126452","118291","105303","112008","108170","92376","76679","67022",
"Jeonbuk State","Mining and quarrying","Substantial contribution","","",".05",".01",".22","-.05","-.09","-.01","-.06",".33",".16",".01","-.13","-.03","-.04",".24","-.14","-.01","-.05","-.08",".03",".04",".08","0","-.07",".02","-.04","-.01","0",".06",".01","-.03","0","-.03","-.02","-.03",".01","-.01","-.03","-.03","-.02",
"Jeonbuk State","Manufacturing","At current prices","","567086","669507","766509","851774","919318","1026465","1372692","1730261","1936237","2385013","2979225","3474820","4178656","4110685","4557514","5182963","4939823","5559772","5444952","6379356","6418158","6626518","7402786","7861485","9277254","10064443","10979290","10982973","11740981","12024179","12534071","12427738","12531270","12542275","12202067","11916479","13112740","13676907","13808182","14235880",
"Jeonbuk State","Manufacturing","At chained 2020 year prices","","1967669","2144624","2322952","2424266","2484434","2723794","3172417","3749774","3859197","4370187","5146693","5992747","6883091","5985551","7045118","8160103","7639030","8380275","8122408","8917406","8945272","9294060","10014319","10339924","9882484","11659801","12270526","12187381","12824196","13063516","13107534","12586313","12782016","12709607","12352612","11916479","12447335","12543177","12065503","12167425",
"Jeonbuk State","Manufacturing","Substantial contribution","","","1.5","1.42",".77",".42","1.58","2.55","3.08",".53","2.4","3.16","3.24","2.97","-2.85","3.99","3.66","-1.55","2.11","-.7","2.09",".07",".89","1.72",".75","-1.02","4.48","1.33","-.18","1.33",".48",".09","-1.01",".39","-.14","-.66","-.78",".94",".17","-.85",".18",
"Jeonbuk State","Manufacture of Food Products and Tobacco Products","At current prices","","135836","141153","162440","206475","222541","258548","321062","378585","492438","554610","591019","674209","676754","811823","864175","879589","847694","958033","905286","1113818","1050174","1115713","1125017","1110198","1292592","1332902","1359740","1341621","1569033","1677783","1781034","1838496","1976221","2099361","2321202","2266422","2290839","2524848","2729885","2878534",
"Jeonbuk State","Manufacture of Food Products and Tobacco Products","At chained 2020 year prices","","576125","578250","616070","746232","719328","732048","823532","894219","1028854","1011744","1080130","1183103","1132570","1154324","1204737","1220197","1176932","1279672","1178536","1347892","1272368","1293256","1580189","1564957","1341105","1635200","1558980","1617938","1845830","1867014","1912181","1892953","2033856","2118530","2359236","2266422","2371452","2701848","2530332","2614061",
"Jeonbuk State","Manufacture of Food Products and Tobacco Products","Substantial contribution","","",".01",".24",".79","-.15",".07",".49",".34",".6","-.08",".28",".37","-.17",".07",".19",".06","-.15",".33","-.31",".51","-.23",".06",".83","-.03","-.47",".76","-.16",".12",".44",".04",".09","-.04",".27",".16",".45","-.17",".19",".54","-.26",".14",
"Jeonbuk State","Manufacture of Textiles and Leather","At current prices","","191498","242807","225820","164398","120261","107309","177686","203879","215110","268201","309443","269290","275798","221358","272269","255949","245038","256082","181689","180589","176254","184782","159504","169768","241141","214042","239317","264054","322995","299134","301736","280684","241718","233815","228516","267149","232670","224728","202592","217283",
"Jeonbuk State","Manufacture of Textiles and Leather","At chained 2020 year prices","","486421","566718","479673","335828","235769","205668","281387","281865","267978","307972","332182","273202","260171","183817","241488","226535","215883","238305","166096","159576","158495","170629","181227","199214","177670","265396","277590","312091","380412","352793","342451","295109","271063","253753","232539","267149","242147","219142","170582","186206",
"Jeonbuk State","Manufacture of Textiles and Leather","Substantial contribution","","",".93","-.95","-1.56","-.96","-.27",".59","0","-.11",".3",".16","-.36","-.07","-.42",".38","-.09","-.06",".11","-.32","-.03","0",".05",".04",".05","-.05",".32",".02",".07",".13","-.05","-.02","-.08","-.05","-.03","-.04",".06","-.04","-.04","-.08",".03",
"Jeonbuk State","Manufacture of Wood and  of Paper, printing and reproduction","At current prices","","85107","90090","119439","154390","199950","198427","247049","309429","279791","424814","467113","460247","462767","465753","523453","565824","557112","614132","564286","578845","497153","489718","441851","460311","532440","541003","593461","621722","638720","632309","617561","635248","598802","670733","592565","584816","679399","747660","732372","691295",
"Jeonbuk State","Manufacture of Wood and  of Paper, printing and reproduction","At chained 2020 year prices","","372025","359475","454764","536576","672956","637489","705001","825010","682783","874890","911123","897681","901654","860126","880843","948862","857263","898105","847311","826465","713222","715562","685133","678521","689369","694414","733099","730097","712537","705082","659391","668080","638832","653774","580109","584816","637389","642491","573072","563778",
"Jeonbuk State","Manufacture of Wood and  of Paper, printing and reproduction","Substantial contribution","","","-.08",".61",".5",".77","-.19",".32",".52","-.56",".74",".13","-.05",".01","-.11",".06",".2","-.26",".12","-.14","-.05","-.29",".01","-.07","-.01",".02",".01",".08","-.01","-.03","-.01","-.09",".02","-.06",".03","-.14",".01",".09",".01","-.13","-.02",
"Jeonbuk State","Manufacture of coal, fuel, chemical products","At current prices","","66430","81892","99626","121681","138606","143106","222452","293532","346380","437158","640687","681687","764361","956631","903529","1064777","1089348","1168449","1269465","1497938","1604064","1588332","1664126","2006157","2021195","2534896","2604567","2248848","2388543","2414718","2634000","2770601","2912222","2922738","2760518","2701146","2986303","2883590","2923822","2945042",
"Jeonbuk State","Manufacture of coal, fuel, chemical products","At chained 2020 year prices","","188571","204425","245823","283573","316199","363408","449035","572632","635570","808668","1080318","1181362","1233150","1357576","1463096","1801364","1878714","1944455","2024122","2166358","2207704","2411063","2375728","2754752","2719613","3113089","2965129","2524945","2658014","2681110","2762739","2817251","2942327","2970287","2865511","2701146","2568519","2532241","2673843","2760982",
"Jeonbuk State","Manufacture of coal, fuel, chemical products","Substantial contribution","","",".16",".42",".35",".28",".37",".51",".76",".34",".88","1.09",".4",".17",".4",".41","1.06",".21",".17",".2",".35",".1",".53","-.08",".83","-.08",".79","-.3","-.92",".27",".05",".16",".11",".25",".05","-.19","-.29","-.24","-.07",".26",".15",
"Jeonbuk State","Manufacture of Other Non-metallic Mineral Products and Metal Products","At current prices","","62140","78953","107936","138825","146016","176014","247462","303340","340122","402123","496282","535161","595266","583953","673972","723500","776636","858605","885558","1041326","1080545","1166094","1425085","1533350","1863306","1643640","1972112","1968060","2081412","2307472","2259811","2137394","2298980","2369034","2304045","2256968","2919634","2865495","2890454","2787769",
"Jeonbuk State","Manufacture of Other Non-metallic Mineral Products and Metal Products","At chained 2020 year prices","","177755","200571","265109","315352","328466","418751","486271","584350","619058","729969","818211","896096","933032","797030","994921","1089530","1119653","1186663","1193307","1264640","1350494","1505492","1535758","1530842","1385020","1565154","1830320","1846861","1990003","2242580","2257904","2108976","2271450","2305853","2254403","2256968","2267620","1884938","1837530","1770971",
"Jeonbuk State","Manufacture of Other Non-metallic Mineral Products and Metal Products","Substantial contribution","","",".23",".65",".47",".11",".72",".43",".62",".19",".57",".36",".31",".13","-.45",".79",".32",".09",".2",".02",".21",".26",".44",".08","-.01","-.43",".65",".7",".04",".35",".58",".03","-.3",".33",".07","-.1","0",".02","-.83","-.12","-.16",
"Jeonbuk State","Manufacture of electrical, Precision Instruments","At current prices","","4301","6905","14876","18838","32286","66372","80612","134027","119374","153640","181004","194715","233214","301305","342183","377077","340551","358986","232544","258802","264871","313045","399521","426019","447926","659760","652116","658461","752109","719418","720149","715039","855227","908341","867557","868364","914754","881985","760655","871211",
"Jeonbuk State","Manufacture of electrical, Precision Instruments","At chained 2020 year prices","","5504","9317","21457","24252","38945","77640","100233","160559","134118","147656","156696","185903","222675","274812","341668","395627","385968","416526","283953","306454","335669","412796","460921","490894","528483","656160","650373","646168","728406","718535","697840","687951","783306","842702","871059","868364","942435","913725","854340","885744",
"Jeonbuk State","Manufacture of electrical, Precision Instruments","Substantial contribution","","",".09",".23",".04",".22",".57",".29",".6","-.23",".11",".07",".22",".22",".29",".4",".27","-.04",".12","-.47",".07",".09",".22",".12",".08",".1",".29","-.01","-.01",".19","-.02","-.04","-.02",".2",".12",".06","0",".13","-.05","-.09",".04",
"Jeonbuk State","Manufacture of Machine and Transport Vehicles, other manufacturing n.e.c","At current prices","","21774","27707","36372","47167","59658","76689","76369","107469","143022","144467","293677","659511","1170496","769862","977933","1316247","1083444","1345485","1406124","1708038","1745097","1768834","2187682","2155682","2878654","3138200","3557977","3880207","3988169","3973345","4219780","4050276","3648100","3338253","3127664","2971614","3089141","3548601","3568402","3844746",
"Jeonbuk State","Manufacture of Machine and Transport Vehicles, other manufacturing n.e.c","At chained 2020 year prices","","77169","95655","126261","152817","175947","227912","212512","268853","340584","308229","612781","1352129","2306297","1319945","1866727","2553167","1991350","2435730","2577922","3060627","3130380","2924551","3319178","3247957","3189254","3875118","4365533","4635366","4620078","4569675","4547944","4181885","3893089","3595165","3196357","2971614","3417773","3817431","3535746","3536822",
"Jeonbuk State","Manufacture of Machine and Transport Vehicles, other manufacturing n.e.c","Substantial contribution","","",".15",".23",".18",".14",".31","-.08",".25",".3","-.13","1.06","2.34","2.68","-2.62","1.75","1.82","-1.36","1.06",".32","1.03",".14","-.41",".8","-.15","-.11","1.66","1",".52","-.03","-.1","-.04","-.69","-.56","-.53","-.69","-.4",".79",".61","-.43","0",
"Jeonbuk State","Professional, scientific and technical activities","At current prices","","19973","23480","23321","26583","36781","46344","58804","112029","149788","156132","165477","170464","191814","218497","195271","244212","295307","314894","369748","398421","392132","361607","398092","432901","526353","544051","604707","693147","807458","817820","889341","929652","1042228","1104862","1224657","1409844","1552209","1601269","1734495","1846439",
"Jeonbuk State","Professional, scientific and technical activities","At chained 2020 year prices","","159882","186386","168263","208697","247943","263447","316689","413962","499512","440960","443408","435948","486619","520527","467464","567860","661457","678494","757581","724981","743812","650543","690951","668915","755946","733455","793654","876501","1004458","1010810","1063042","1091804","1168785","1203024","1270140","1409844","1456899","1430565","1459811","1507106",
"Jeonbuk State","Professional, scientific and technical activities","Substantial contribution","","",".1","-.06",".13",".1",".04",".14",".22",".24","-.16",".01","-.02",".11",".07","-.12",".21",".19",".03",".15","-.06",".04","-.17",".08","-.04",".17","-.04",".11",".15",".23",".01",".09",".05",".13",".06",".12",".24",".08","-.05",".05",".09",
"Jeonbuk State","Business facilities management and business support services; rental and leasing activities","At current prices","","7388","9574","11488","17182","24767","33320","37149","64218","84312","83898","102347","139595","166628","191690","184611","215989","257994","218474","256527","281107","301353","308679","385595","425330","463313","569649","556330","635693","782550","837863","903849","964033","1028158","1112775","1169972","1091787","1074526","1096081","1190313","1230476",
"Jeonbuk State","Business facilities management and business support services; rental and leasing activities","At chained 2020 year prices","","7123","9654","10733","15328","19105","21639","26247","42335","57734","53574","63355","70349","79713","94163","119045","134927","347503","306129","379402","386739","394798","402381","511551","544548","586437","698440","685255","760935","931453","976082","1006951","1067635","1122151","1172332","1211366","1091787","1059746","1036956","1072921","1084604",
"Jeonbuk State","Business facilities management and business support services; rental and leasing activities","Substantial contribution","","",".08",".03",".11",".08",".06",".11",".28",".25","-.06",".11",".07",".11",".16",".28",".12","1.59","-.13",".21",".02",".02",".02",".28",".08",".1",".24","-.03",".15",".33",".08",".06",".11",".1",".09",".07","-.21","-.06","-.04",".06",".02",
"Jeollanam-do","GRDP at market prices","At current prices","","6758577","7693359","6469232","7948002","8608572","10245940","12573845","14851825","16815736","18365963","22838743","25484649","29435480","30255849","31027182","32811462","35137418","37794577","41193927","46548179","46904406","46990939","52264241","57109484","55903242","65448178","66776892","68130024","70398062","70461464","73361198","76379384","78232007","79193518","79853688","81298601","93701706","96168598","98793381","103970897",
"Jeollanam-do","GRDP at market prices","At chained 2020 year prices","","24939882","26804590","22622569","25754215","26405338","28403385","31993357","34427028","36262310","39434069","43428794","46428259","51634538","49155806","50057998","52910993","55161332","58008989","59005657","62362137","63264431","65372826","68935922","69989638","69521557","76491158","75165876","75757088","77382147","77625393","78147058","79506835","80385320","80900123","82491753","81298601","84905891","84275132","86268736","89183216",
"Jeollanam-do","GRDP at market prices","Substantial contribution","","","7.48","-15.6","13.84","2.53","7.57","12.64","7.61","5.33","8.75","10.13","6.91","11.21","-4.8","1.84","5.7","4.25","5.16","1.72","5.69","1.45","3.33","5.45","1.53","-.67","10.03","-1.73",".79","2.15",".31",".67","1.74","1.1",".64","1.97","-1.45","4.44","-.74","2.37","3.38",
"Jeollanam-do","Mining and quarrying","At current prices","","86236","112229","98090","94569","117234","135793","170597","146850","141052","172962","162655","169240","168314","200620","167835","218147","234132","180255","163523","182501","200401","195385","170727","196632","164226","144265","164462","135378","165880","149318","142307","149359","145731","115301","114191","141927","148872","134555","161151","135508",
"Jeollanam-do","Mining and quarrying","At chained 2020 year prices","","399411","447029","402134","394534","483233","412488","470725","408277","391793","413414","379332","391739","364678","406672","372858","391751","377934","322601","279045","283158","299292","290626","233383","241240","218677","195216","194820","158699","185986","169023","143377","145564","136136","110188","108898","141927","158069","131921","126425","100594",
"Jeollanam-do","Mining and quarrying","Substantial contribution","","",".15","-.15","-.03",".27","-.2",".19","-.18","-.04",".05","-.08",".02","-.05",".07","-.06",".03","-.02","-.1","-.06",".01",".02","-.01","-.08",".01","-.03","-.03","0","-.05",".03","-.02","-.03","0","-.01","-.04","0",".04",".02","-.03","-.01","-.03",
"Jeollanam-do","Manufacturing","At current prices","","1126939","1274384","1055141","1440712","1593559","1752697","2600299","3310709","3855049","4238073","5207383","5259987","6998829","8126713","7790982","8921661","9307852","9437867","11149403","14563252","14606129","13618189","15629012","19252618","15929638","23166601","24507658","24359897","25189121","23837358","23322090","24310134","25159461","24487420","23041775","20637427","28171520","30708606","31222499","32326712",
"Jeollanam-do","Manufacturing","At chained 2020 year prices","","3790356","3913063","3605421","4330971","4591034","4891966","6300319","7513413","8077913","8678120","9838251","10069853","12605759","12837203","13450869","15707003","16485338","16466654","18533711","21421637","21053923","21932695","22626125","23980816","20948548","26332399","25292037","25013120","25692825","25261408","24371590","24914758","24772967","24053477","23385842","20637427","22233070","22208681","23523880","25018062",
"Jeollanam-do","Manufacturing","Substantial contribution","","",".54","-1.3","3.28","1.09","1.21","4.92","3.98","1.67","1.7","3.08",".54","5.2",".44","1.28","4.21","1.35","-.03","3.13","4.22","-.54","1.3",".92","1.79","-4.26","7.32","-1.4","-.4",".97","-.6","-1.19",".71","-.18","-.93","-.86","-3.39","1.96","-.03","1.89","2.01",
"Jeollanam-do","Manufacture of Food Products and Tobacco Products","At current prices","","133620","139078","133815","157096","168949","164296","212557","272352","341226","418975","430018","464152","523868","575312","649623","531217","545648","548378","526785","560808","507026","537589","837632","685265","642841","699617","782386","751295","821484","903039","952589","1048506","1118822","1177480","1152234","1304613","1276091","1387519","1615996","1788642",
"Jeollanam-do","Manufacture of Food Products and Tobacco Products","At chained 2020 year prices","","747935","748574","772854","823724","774766","653871","644347","743571","824043","883652","908760","945447","1016439","948425","1049993","854350","878280","849728","795561","787305","712622","701253","688311","703232","650845","859057","895367","905532","965480","1002014","1021291","1079776","1152036","1186885","1170468","1304613","1320565","1481120","1484758","1611254",
"Jeollanam-do","Manufacture of Food Products and Tobacco Products","Substantial contribution","","","0",".06",".14","-.12","-.31","-.02",".26",".2",".15",".06",".08",".14","-.12",".2","-.39",".05","-.05","-.09","-.01","-.11","-.02","-.02",".03","-.09",".37",".05",".01",".07",".04",".02",".07",".09",".04","-.02",".17",".02",".17","0",".14",
"Jeollanam-do","Manufacture of Textiles and Leather","At current prices","","11599","13833","13558","16863","18742","19809","32809","43502","58258","69815","78715","92025","39940","45750","45715","80883","63085","77042","63915","66292","47610","48915","47601","53736","57016","87412","69710","76649","86658","94027","91692","92133","86868","89616","89293","102947","92008","93076","92322","101695",
"Jeollanam-do","Manufacture of Textiles and Leather","At chained 2020 year prices","","75894","82921","84941","96626","100843","101596","120245","136356","164767","182044","191948","212109","85521","86406","91883","161980","125692","162040","132060","132366","96589","90446","83358","80161","78721","106166","78512","88465","100112","109171","102363","96631","97462","97704","91176","102947","96382","89130","77586","87620",
"Jeollanam-do","Manufacture of Textiles and Leather","Substantial contribution","","",".02","0",".03",".01","0",".04",".03",".06",".04",".02",".04","-.22","0",".01",".11","-.06",".05","-.04","0","-.04","-.01","-.01","0","0",".04","-.03",".01",".01",".01","-.01","-.01","0","0","-.01",".01","-.01","-.01","-.01",".01",
"Jeollanam-do","Manufacture of Wood and  of Paper, printing and reproduction","At current prices","","11888","11943","11448","15262","18386","18147","29363","40478","41637","59140","68318","59456","82604","64455","99484","107642","136276","123107","123580","131509","101210","95337","103315","135571","149925","151882","152020","161336","158940","167129","167844","178238","152002","157135","167863","170966","176777","181852","204485","212338",
"Jeollanam-do","Manufacture of Wood and  of Paper, printing and reproduction","At chained 2020 year prices","","69130","63106","67005","77699","89551","83604","101216","127942","120476","144330","157987","137447","190816","141111","198455","214003","248598","213456","220023","222638","172156","175386","190177","178230","193105","188041","181106","183973","172228","180026","174797","185532","161820","153051","164585","170966","164420","153225","160186","172963",
"Jeollanam-do","Manufacture of Wood and  of Paper, printing and reproduction","Substantial contribution","","","-.02",".01",".03",".03","-.01",".04",".06","-.02",".05",".03","-.04",".09","-.07",".09",".03",".05","-.05",".01","0","-.06","0",".02","-.01",".02","-.01","-.01","0","-.02",".01","-.01",".01","-.03","-.01",".01",".01","-.01","-.01",".01",".02",
"Jeollanam-do","Manufacture of coal, fuel, chemical products","At current prices","","683764","768446","655802","875513","878478","993623","1441024","1877084","2086664","2345697","3035328","2883231","4247697","5375377","4658939","5664032","5767730","6076051","7001697","9768339","8806297","8041774","9252034","11195636","9327489","14314867","15093588","15039298","16218557","14278555","14397548","14844067","15642735","14581384","13067968","11086710","17047161","18754190","17527624","17142497",
"Jeollanam-do","Manufacture of coal, fuel, chemical products","At chained 2020 year prices","","2226120","2190210","2139323","2558672","2474452","2690381","3794405","4476481","4703162","5329439","6274237","6118430","8376132","9310376","9156771","11445178","11941849","12415868","13476144","16720508","14518275","14981733","15441515","15949231","13387477","18000538","16648136","16276915","17155099","15801394","15476946","15476338","15502333","14529270","13544952","11086710","12791673","13141672","13694037","14371865",
"Jeollanam-do","Manufacture of coal, fuel, chemical products","Substantial contribution","","","-.16","-.23","1.99","-.36",".89","3.98","2.06",".64","1.65","2.26","-.33","4.17","1.61","-.29","3.75",".75",".65","1.37","4.09","-2.76",".6",".53",".58","-3.15","5.75","-1.64","-.5","1.19","-1.82","-.42","0",".03","-1.26","-1.25","-2.97","2.1",".5",".82",".88",
"Jeollanam-do","Manufacture of Other Non-metallic Mineral Products and Metal Products","At current prices","","131329","150585","211427","338908","457637","481055","787309","950634","1187098","1157478","1347579","1419500","1664311","1661976","1954118","2106349","2199848","1907945","2714602","3207350","4141519","3704150","3801310","5093700","4011249","5709594","6178626","6121982","5882565","6225658","5533877","5577563","5787248","6010831","5815152","5289237","7266574","7472005","7625910","7424702",
"Jeollanam-do","Manufacture of Other Non-metallic Mineral Products and Metal Products","At chained 2020 year prices","","449136","476396","704941","925121","1226263","1308574","1528503","1872732","2093136","1991961","2138242","2277920","2552219","2223650","2729599","2960239","3006534","2552871","3466467","3433301","4440480","4640350","4897517","4791544","4481732","5124863","5290203","5365058","5322636","5847848","5427338","5406366","5498379","5578468","5554799","5289237","5149821","4456177","4678599","4742215",
"Jeollanam-do","Manufacture of Other Non-metallic Mineral Products and Metal Products","Substantial contribution","","",".12",".94","1.02","1.39",".36",".79","1.41",".75","-.34",".46",".39",".67","-.73","1.25",".53",".1","-.94","1.81","-.06","2.02",".4",".44","-.16","-.58","1.03",".28",".13","-.07",".82","-.64","-.03",".12",".11","-.03","-.35","-.17","-1.04",".39",".1",
"Jeollanam-do","Manufacture of electrical, Precision Instruments","At current prices","","14945","20360","2284","3340","7605","13236","16771","21166","20806","30121","37926","39336","51064","51377","66692","77751","79724","101894","194611","215188","234555","363975","367320","359377","149378","247719","280458","330558","379943","398685","338097","325578","375696","418028","493125","571065","601515","751000","734682","855885",
"Jeollanam-do","Manufacture of electrical, Precision Instruments","At chained 2020 year prices","","24197","34484","4685","5788","12121","20102","22863","27327","25370","31554","36297","41229","53372","50809","73241","89571","98170","128788","259008","278405","325132","558206","485440","380381","183110","282128","314867","358628","400516","420499","343851","326454","361676","406786","502367","571065","628247","764716","746815","815437",
"Jeollanam-do","Manufacture of electrical, Precision Instruments","Substantial contribution","","",".09","-.23",".01",".05",".06",".02",".03","-.01",".03",".02",".02",".05","-.01",".07",".05",".02",".07",".27",".04",".08",".36","-.1","-.15","-.33",".14",".04",".06",".06",".03","-.1","-.02",".05",".06",".12",".08",".07",".14","-.02",".07",
"Jeollanam-do","Manufacture of Machine and Transport Vehicles, other manufacturing n.e.c","At current prices","","139794","170139","26807","33730","43762","62531","80466","105493","119360","156847","209499","302287","389345","352466","316411","353787","515541","603450","524213","613766","767912","826449","1219800","1729333","1591740","1955510","1950870","1878779","1640974","1770265","1840443","2244049","1996090","2052946","2256140","2111889","1711394","2068964","3421480","4800953",
"Jeollanam-do","Manufacture of Machine and Transport Vehicles, other manufacturing n.e.c","At chained 2020 year prices","","443351","548126","88817","104423","128038","185128","212096","254733","271991","321780","403626","573237","715811","582700","558948","631104","883945","1031985","904509","1019944","1286677","1258512","1306688","2145948","2046990","2049448","1992913","1910943","1718518","1939804","1903882","2420194","2051869","2148684","2406034","2111889","2081962","2342989","3107741","3814829",
"Jeollanam-do","Manufacture of Machine and Transport Vehicles, other manufacturing n.e.c","Substantial contribution","","",".49","-1.85",".07",".1",".23",".09",".13",".05",".13",".22",".39",".3","-.25","-.05",".13",".43",".25","-.2",".16",".34","-.04",".07","1.5","-.14","0","-.08","-.12","-.28",".3","-.05",".68","-.45",".12",".31","-.35","-.04",".23",".7",".79",
"Jeollanam-do","Professional, scientific and technical activities","At current prices","","38515","47554","16585","17592","22278","61405","76573","82352","94290","121091","167233","161958","207016","209423","229038","242890","279425","242983","282841","295665","300857","384524","423986","495860","573072","589851","573111","617346","710176","751819","852963","809088","907242","1029373","1157038","1238554","1811774","1677500","1920590","1943100",
"Jeollanam-do","Professional, scientific and technical activities","At chained 2020 year prices","","284902","350648","113186","118325","129019","273322","346031","310928","386776","438420","557461","500166","600154","575967","649077","674593","742483","606281","623610","603992","620510","741843","778740","795326","862037","820189","772942","799660","910422","957799","1046977","973459","1037519","1133295","1203780","1238554","1688826","1473885","1587947","1549149",
"Jeollanam-do","Professional, scientific and technical activities","Substantial contribution","","",".13","-.42",".01",".02",".29",".16","-.06",".14",".07",".18","-.08",".13","-.03",".09",".03",".07","-.15",".02","-.02",".02",".13",".04",".02",".07","-.05","-.05",".03",".13",".05",".1","-.08",".07",".11",".08",".04",".55","-.25",".13","-.05",
"Jeollanam-do","Business facilities management and business support services; rental and leasing activities","At current prices","","27603","37602","17137","29850","35804","87554","89859","68683","90240","113226","163969","197479","249295","247617","282593","298327","277410","272469","306579","320277","360282","383511","494865","524312","597340","691114","777591","871561","994059","1051446","1147447","1224439","1287460","1443039","1567298","1628546","1565837","1577521","1706243","1697232",
"Jeollanam-do","Business facilities management and business support services; rental and leasing activities","At chained 2020 year prices","","75527","106322","44308","63221","65909","134767","150362","105148","142943","169721","231922","288623","337671","338626","440542","448855","424766","405892","455922","455229","488220","519634","683011","700364","788441","884096","995549","1078668","1220907","1259879","1308015","1390132","1429074","1535026","1629318","1628546","1548686","1496324","1537200","1492571",
"Jeollanam-do","Business facilities management and business support services; rental and leasing activities","Substantial contribution","","",".17","-.29",".11",".02",".43",".1","-.21",".17",".1",".23",".18",".13","0",".25",".02","-.05","-.04",".09","0",".05",".05",".26",".02",".12",".13",".13",".1",".17",".05",".06",".1",".04",".12",".11","0","-.1","-.06",".04","-.05",
"Gyeongsangbuk-do","GRDP at market prices","At current prices","","7309020","8668100","10241409","12742978","13408793","15126109","17947264","19570429","21494555","26279966","30133737","32960450","38935082","38510715","42691914","48310459","50371041","54604059","59483763","66828589","70120727","71946347","75097087","79190540","82519405","91806685","95023354","97290949","102091617","109077761","109563894","112216094","115044741","115378926","113784086","112072885","118718919","121411361","127412315","134698401",
"Gyeongsangbuk-do","GRDP at market prices","At chained 2020 year prices","","17895135","20794685","23301061","26787760","26939328","27775942","30155825","30302163","31335731","35797484","38972633","42497916","48791902","45786877","52351120","59917089","62015512","66000562","71052068","76189441","81313318","84177782","91022903","93483881","93431342","100345157","102712514","103791682","108093523","116042248","113620740","114425351","114123635","114346845","115485515","112072885","114892653","115612472","118366159","119349192",
"Gyeongsangbuk-do","GRDP at market prices","Substantial contribution","","","16.2","12.05","14.96",".57","3.11","8.57",".49","3.41","14.24","8.87","9.05","14.81","-6.16","14.34","14.45","3.5","6.43","7.65","7.23","6.73","3.52","8.13","2.7","-.06","7.4","2.36","1.05","4.14","7.35","-2.09",".71","-.26",".2","1","-2.96","2.52",".63","2.38",".83",
"Gyeongsangbuk-do","Mining and quarrying","At current prices","","45529","53131","58574","68384","80263","104356","121110","114779","128373","187681","204775","174886","174169","160994","191704","144631","143496","174937","98773","161994","189497","183906","187487","191254","217906","170607","204145","185971","199997","209407","184673","196402","170555","147245","129067","148606","149608","147540","168752","124649",
"Gyeongsangbuk-do","Mining and quarrying","At chained 2020 year prices","","160776","168513","192173","232754","271586","254444","262905","252283","285335","361716","390862","330594","307586","264806","349483","254474","246744","258178","210207","249991","301865","319222","311654","274890","302369","243476","249499","222764","228572","242689","188370","192659","158370","139540","122224","148606","157248","142982","131820","91560",
"Gyeongsangbuk-do","Mining and quarrying","Substantial contribution","","",".03",".09",".12",".09","-.04",".02","-.03",".08",".16",".06","-.1","-.04","-.06",".13","-.12","-.01",".01","-.06",".03",".05",".02","-.01","-.03",".02","-.05","0","-.02","0",".01","-.04","0","-.03","-.02","-.02",".02",".01","-.01","-.01","-.04",
"Gyeongsangbuk-do","Manufacturing","At current prices","","2393738","3223954","3980995","5499073","5224965","5362326","6486784","6395121","7438995","9614499","11194025","12180147","15983681","16428726","18288552","22504795","21941381","24058181","26913881","32558129","34655375","34828341","36754337","39735243","41264885","47470363","49089652","49065653","51841322","55901407","51483217","51042317","52669003","52236192","48637611","45372736","49231265","50167955","49372605","52379666",
"Gyeongsangbuk-do","Manufacturing","At chained 2020 year prices","","4193758","5585298","6697472","8198699","7488360","7591554","8398269","8052646","8625822","10209705","10906790","12340571","15743016","14762232","17695668","22415696","22537065","24985782","28382475","31896491","35154693","36417135","41615840","42505935","42108056","46446078","47692661","47454076","49973294","55435987","50557740","49740845","48784555","48629114","48177696","45372736","46047383","45008744","46051126","45993264",
"Gyeongsangbuk-do","Manufacturing","Substantial contribution","","","10.87","7.41","8.71","-3.74",".54","3.77","-1.49","2.33","6.35","2.5","4.88","10.19","-2.56","8.48","11.43",".25","4.73","5.99","5.6","4.98","1.77","6.91","1.05","-.47","5.15","1.39","-.26","2.68","5.55","-4.51","-.76","-.87","-.15","-.42","-2.49",".6","-.94",".96","-.05",
"Gyeongsangbuk-do","Manufacture of Food Products and Tobacco Products","At current prices","","173195","191463","224772","258073","279242","297685","355823","409574","468401","607555","552190","602267","653767","633587","666767","699951","732736","808641","914757","1046017","1027766","1105047","1150969","1221405","1348652","1270600","1156783","1291507","1256605","1535294","1507570","1567453","1551889","1638609","1623811","1673334","1804159","1901172","1994710","2037056",
"Gyeongsangbuk-do","Manufacture of Food Products and Tobacco Products","At chained 2020 year prices","","856867","914915","991286","1084623","1045466","976270","1057134","1117049","1130018","1280220","1165818","1225587","1267269","1043495","1076672","1124700","1178365","1251940","1380297","1467193","1443370","1659957","1887434","1740072","1613419","1548402","1332555","1522751","1456069","1723950","1603407","1601080","1619986","1668675","1654503","1673334","1882977","2048159","1917587","1926876",
"Gyeongsangbuk-do","Manufacture of Food Products and Tobacco Products","Substantial contribution","","",".16",".18",".21","-.07","-.14",".16",".11",".02",".29","-.21",".09",".06","-.3",".05",".07",".07",".09",".15",".1","-.03",".22",".21","-.12","-.11","-.07","-.19",".17","-.06",".23","-.1","0",".02",".04","-.01",".02",".19",".13","-.1",".01",
"Gyeongsangbuk-do","Manufacture of Textiles and Leather","At current prices","","302964","388352","441561","559592","520749","566309","739389","782317","715244","841734","893952","1076022","1372428","1575280","1735692","1989008","1432696","1209050","1109326","1109249","1099116","1059334","1038348","1172906","1170833","1351926","1590420","1582708","1767545","1670735","1458321","1433435","1383674","1477611","1477713","1438570","1408175","1466512","1443062","1387039",
"Gyeongsangbuk-do","Manufacture of Textiles and Leather","At chained 2020 year prices","","1224219","1441857","1492216","1818036","1623920","1726581","1862538","1720382","1418355","1539271","1528006","1738098","2061563","2082240","2451291","2804211","2010915","1801464","1623806","1569371","1582239","1574137","1657100","1402034","1359827","1611706","1732866","1777084","1990401","1896568","1589330","1498094","1551118","1617881","1514306","1438570","1485585","1379105","1211278","1201228",
"Gyeongsangbuk-do","Manufacture of Textiles and Leather","Substantial contribution","","",".74",".16",".94","-.47",".25",".29","-.31","-.7",".28","-.02",".41",".61",".04",".72",".59","-1.16","-.3","-.22","-.06",".01","-.01",".08","-.21","-.04",".26",".11",".04",".2","-.08","-.25","-.08",".05",".05","-.08","-.06",".04","-.09","-.15","-.01",
"Gyeongsangbuk-do","Manufacture of Wood and  of Paper, printing and reproduction","At current prices","","40378","52476","66538","92833","125050","136074","190813","186276","182638","276090","221100","209565","227855","183189","242373","258557","289594","348751","346167","347149","332986","367237","396763","341112","411367","402993","452569","544326","585921","593229","611583","649915","583821","627379","607698","667789","718072","775144","826008","804764",
"Gyeongsangbuk-do","Manufacture of Wood and  of Paper, printing and reproduction","At chained 2020 year prices","","117074","138886","168052","213981","279084","289839","361011","329256","295556","377234","286036","271098","294422","224363","270493","287555","295536","338279","344769","328758","316858","333223","325978","522592","512091","521775","566580","646858","662460","670774","658814","684305","619823","609893","593600","667789","679134","678371","654531","663819",
"Gyeongsangbuk-do","Manufacture of Wood and  of Paper, printing and reproduction","Substantial contribution","","",".1",".13",".18",".22",".04",".22","-.09","-.1",".23","-.25","-.04",".05","-.14",".1",".04",".01",".08",".01","-.03","-.02",".02","-.01",".32","-.01",".01",".04",".07",".01",".01","-.01",".02","-.05","-.01","-.01",".07",".01","0","-.02",".01",
"Gyeongsangbuk-do","Manufacture of coal, fuel, chemical products","At current prices","","98339","127567","162973","245630","304541","316864","451865","447641","725911","934557","1173333","1132637","1488359","1628892","1543315","1693559","1973401","2344015","2468867","2485844","2841408","2622405","2825948","2928134","2908229","3817905","3718561","3924162","4120321","4105733","4486042","4466382","4515350","4657599","4553754","4647546","5352786","5386027","5548729","5601211",
"Gyeongsangbuk-do","Manufacture of coal, fuel, chemical products","At chained 2020 year prices","","344889","393880","497269","707393","857315","998439","1116466","1067184","1631536","2121173","2424511","2405311","2942007","2833620","3060601","3507002","4165480","4781217","4824082","4403587","4791364","4899160","5200928","4828541","4298465","4688014","4340558","4472465","4704359","4648052","4731205","4593218","4763049","4941455","4729621","4647546","5077622","5016834","5040611","5048490",
"Gyeongsangbuk-do","Manufacture of coal, fuel, chemical products","Substantial contribution","","",".19",".39",".67",".41",".37",".25","-.11","1.21","1.01",".51","-.03",".77","-.14",".34",".53",".66",".58",".04","-.36",".33",".09",".22","-.27","-.41",".32","-.31",".12",".21","-.05",".07","-.12",".15",".15","-.17","-.07",".38","-.05",".02",".01",
"Gyeongsangbuk-do","Manufacture of Other Non-metallic Mineral Products and Metal Products","At current prices","","905691","1101192","1392844","1790334","1807927","1897378","2483205","2305498","2456581","2725831","3113467","3328225","3964782","4143551","4314388","4989768","5309683","5284977","6036186","8288040","8687995","8237180","8868564","10639115","10508098","12481514","13345792","12682319","12332052","12484071","12236258","12201470","13074817","13331918","13000299","11134200","14151615","14239611","14714443","14585224",
"Gyeongsangbuk-do","Manufacture of Other Non-metallic Mineral Products and Metal Products","At chained 2020 year prices","","3726352","4347923","4899089","5321456","5388289","5743793","6400411","6168007","5866662","6354162","6667174","7190215","8195388","7487987","8122484","9427511","9748994","9524565","10404435","11933448","12495825","11590866","11664930","11417856","10652932","11690867","12005561","11602640","11528488","12007841","12222804","12001469","12667093","12681397","12553123","11134200","10284504","8626681","8919086","8930437",
"Gyeongsangbuk-do","Manufacture of Other Non-metallic Mineral Products and Metal Products","Substantial contribution","","","2.07","1.61","1.17",".18",".89","1.43","-.5","-.58",".95",".51",".81","1.41","-.88",".91","1.62",".35","-.24",".89","1.49",".58","-.9",".07","-.25","-.9","1.24",".37","-.47","-.08",".5",".2","-.2",".6",".01","-.12","-1.29","-.76","-1.92",".4",".01",
"Gyeongsangbuk-do","Manufacture of electrical, Precision Instruments","At current prices","","784856","1197529","1456430","2226298","1864087","1751669","1749036","1695315","2175659","3268949","4428630","4876805","7103525","7406757","8762447","11472228","10840430","12514941","14383994","17436608","18632444","19177671","19889315","20732066","21911434","24468152","24553681","24389024","26392135","29763868","24936213","24291944","25142407","23741344","20419781","19016115","19334391","19140549","16697576","19346716",
"Gyeongsangbuk-do","Manufacture of electrical, Precision Instruments","At chained 2020 year prices","","578714","940627","1219354","1638230","1286114","1170878","1239063","1154646","1390378","1787789","2166296","2641768","3849551","3836198","4956845","6821604","6973249","8320161","10095849","11864442","13597880","14833708","18068502","18975007","19740065","21338227","21948702","21547914","23110302","27272559","22734107","22496801","20615043","19911740","20015005","19016115","19476063","20079166","20817002","20830168",
"Gyeongsangbuk-do","Manufacture of electrical, Precision Instruments","Substantial contribution","","","6.72","4.09","4.89","-3.76","-1.25",".67","-.66","1.77","2.89","2.63","3.23","6.76","-.06","5.62","7.72",".53","4.16","4.89","4.24","3.81","2.41","5.81","1.33","1.06","2.15",".76","-.47","1.82","4.66","-4.54","-.24","-1.81","-.75",".11","-.9",".41",".5",".58",".01",
"Gyeongsangbuk-do","Manufacture of Machine and Transport Vehicles, other manufacturing n.e.c","At current prices","","88315","165375","235877","326313","323369","396347","516653","568500","714561","959783","811353","954626","1172965","857470","1023570","1401724","1362841","1547806","1654584","1845222","2033660","2259467","2584430","2700505","3006272","3677273","4271846","4651607","5386743","5748477","6247230","6431718","6417045","6761732","6954555","6795182","6462067","7258940","8148077","8617656",
"Gyeongsangbuk-do","Manufacture of Machine and Transport Vehicles, other manufacturing n.e.c","At chained 2020 year prices","","243853","424117","612549","787339","710973","821683","1051379","1082648","1342884","1621762","1323742","1527486","1802436","1159842","1541694","2096783","1948380","2208915","2380245","2576197","2840354","2771353","3232992","3469198","3414501","4572458","5271183","5601708","6285016","6629097","6773791","6603664","6809774","7244020","7085211","6795182","7161498","7803797","8101851","7993065",
"Gyeongsangbuk-do","Manufacture of Machine and Transport Vehicles, other manufacturing n.e.c","Substantial contribution","","",".89",".85",".66","-.25",".38",".73",".09",".7",".69","-.67",".41",".52","-1.07",".73",".86","-.21",".36",".22",".23",".28","-.07",".52",".25","-.05","1.24",".61",".28",".58",".29",".12","-.14",".18",".36","-.13","-.25",".33",".49",".23","-.09",
"Gyeongsangbuk-do","Professional, scientific and technical activities","At current prices","","30491","33652","35563","37283","50034","74976","136170","137293","161858","240867","282941","276618","323208","367327","408901","508763","409646","369732","534962","589180","573036","580542","580023","706438","778019","832425","1116292","1436965","1606441","1731888","2055633","1854733","1870835","1970433","2261436","2538745","2795390","2871933","3588687","3743762",
"Gyeongsangbuk-do","Professional, scientific and technical activities","At chained 2020 year prices","","193883","212978","207333","213857","251313","316645","539297","449857","532887","716611","755243","707293","824372","883515","984772","1199805","922511","831034","1038694","1068463","1132446","1087459","1047107","1124438","1154475","1147246","1489804","1843433","2050515","2196473","2511210","2231960","2136099","2158341","2356263","2538745","2611005","2544044","2967172","2984911",
"Gyeongsangbuk-do","Professional, scientific and technical activities","Substantial contribution","","",".04","-.01",".01",".05",".1",".35","-.13",".13",".26",".05","-.06",".14",".06",".11",".21","-.24","-.08",".17",".03",".05","-.03","-.03",".06",".02","-.01",".27",".28",".17",".11",".23","-.21","-.07",".02",".16",".15",".06","-.06",".39",".02",
"Gyeongsangbuk-do","Business facilities management and business support services; rental and leasing activities","At current prices","","11323","12316","16107","21946","27631","42858","76868","57756","77713","115738","147283","179557","216368","244366","278429","327934","263116","241965","348504","393198","418929","462952","491679","568004","726823","943187","1175622","1350147","1401750","1461239","1552235","1555552","1711059","1981249","1868037","1743423","1703490","1851643","2259344","2218059",
"Gyeongsangbuk-do","Business facilities management and business support services; rental and leasing activities","At chained 2020 year prices","","21063","24107","28675","31958","35025","56641","106731","74000","106003","171151","191491","247419","291508","330673","421316","478421","380774","342207","489862","522982","539714","593595","641779","715809","907403","1137305","1442533","1596315","1653109","1682421","1713194","1707563","1853015","2082216","1933040","1743423","1679594","1746749","2017395","1942627",
"Gyeongsangbuk-do","Business facilities management and business support services; rental and leasing activities","Substantial contribution","","",".02",".03",".02",".02",".13",".25","-.13",".13",".22",".05",".14",".1",".07",".17",".09","-.14","-.05",".19",".04",".02",".06",".05",".08",".19",".22",".28",".13",".05",".02",".02","0",".12",".18","-.12","-.16","-.06",".06",".24","-.07",
"Gyeongsangnam-do","GRDP at market prices","At current prices","","9867985","11434811","13062934","15868209","17700080","21932855","26296229","31817571","35160032","42709316","50694150","55350738","63042078","38064522","40814784","44643250","49109251","54046335","57374459","61902374","65829944","69548589","75941321","83181424","86932330","91379500","95960383","100289460","101999535","103574876","109028154","113497638","113483841","114922033","118443865","114653976","118229847","126917220","139276635","151241350",
"Gyeongsangnam-do","GRDP at market prices","At chained 2020 year prices","","26141140","28758965","31881800","36093247","38374493","43089186","49900032","54707276","57059476","65286924","73309219","77853654","85468558","51652554","57579113","62241599","66567591","71486282","73918582","76993874","81980986","86602805","91856125","96563250","100063320","106215874","109669411","112960678","114153444","114875306","116381552","118456345","117937717","119142019","121423721","114653976","116960035","121090992","124804664","128829903",
"Gyeongsangnam-do","GRDP at market prices","Substantial contribution","","","10.01","10.86","13.21","6.32","12.29","15.81","9.63","4.3","14.42","12.29","6.2","9.78","-39.57","11.47","8.1","6.95","7.39","3.4","4.16","6.48","5.64","6.07","5.12","3.62","6.15","3.25","3","1.06",".63","1.31","1.78","-.44","1.02","1.92","-5.58","2.01","3.53","3.07","3.23",
"Gyeongsangnam-do","Mining and quarrying","At current prices","","38813","36973","37461","33853","38051","40251","56552","61568","86799","134791","153344","176831","132874","140068","103739","81724","93940","105673","136783","144938","134238","117685","117490","126866","117881","87595","81276","88038","86258","91314","107142","115955","122483","94569","79928","79406","86382","74513","89222","84591",
"Gyeongsangnam-do","Mining and quarrying","At chained 2020 year prices","","171049","140001","142648","131883","146882","112353","139166","152780","215055","288043","324976","372479","262881","260534","212604","156985","180267","194530","231438","240695","227880","224301","212806","191790","181200","125236","99389","105270","97973","105025","107686","112185","112617","88681","75305","79406","91382","71860","68289","62611",
"Gyeongsangnam-do","Mining and quarrying","Substantial contribution","","","-.07",".01","-.02",".02","-.05",".04",".02",".08",".08",".04",".04","-.09","0","-.07","-.07",".03",".02",".04",".01","-.01","0","-.01","-.02","-.01","-.04","-.02",".01","-.01",".01","0","0","0","-.02","-.01","0",".01","-.02","0","-.01",
"Gyeongsangnam-do","Manufacturing","At current prices","","3737674","4320347","5154747","6536447","7405755","8940821","10724467","13653383","15685530","19566011","23256617","24214602","27917506","14936375","15827338","18538785","19447638","21344239","21898625","25029243","26538089","28096915","31231610","35737980","37333311","39279399","41151578","42746212","41739747","40795328","41987978","43210961","41863494","42172251","43043859","40027702","39958732","44352629","51575774","58589116",
"Gyeongsangnam-do","Manufacturing","At chained 2020 year prices","","7638898","8428420","9764010","11243985","12174008","13886877","16846383","20936409","22679584","26253384","29653936","31147199","34382498","16429888","18953663","22150412","23169423","25487837","26227341","28389758","30222913","32756105","34871034","37575961","40351091","44437494","45443107","46643680","45495373","44837713","44124820","44661216","43529983","43793781","44055759","40027702","39893497","41387330","44251934","46787222",
"Gyeongsangnam-do","Manufacturing","Substantial contribution","","","3.91","5.99","5.98","3.41","5.89","8.69","9.9","3.57","7.03","5.93","2.31","4.54","-23.12","6.03","6.54","1.91","3.96","1.15","3.15","2.61","3.38","2.61","3.19","3.17","4.35",".97","1.13","-1.05","-.59","-.63",".47","-.96",".22",".22","-3.32","-.12","1.27","2.42","2.12",
"Gyeongsangnam-do","Manufacture of Food Products and Tobacco Products","At current prices","","190813","201081","237493","265808","309063","361255","417724","512384","568629","725742","774081","831273","882183","907934","985358","1027270","982074","1075447","1116685","1213328","1309301","1394713","1421523","1510249","1708506","1730586","1760633","1800976","1956949","2072894","2206972","2284674","2263121","2303993","2343456","2333995","2332183","2622364","2918900","3110610",
"Gyeongsangnam-do","Manufacture of Food Products and Tobacco Products","At chained 2020 year prices","","933769","950412","1035967","1104936","1144489","1171836","1226838","1381521","1355794","1512656","1616061","1672741","1690779","1478843","1573505","1631856","1561097","1645282","1665082","1681825","1816828","2093081","2070414","2083231","2111740","2116859","2047247","2147260","2293984","2346237","2367250","2341153","2355579","2351654","2390917","2333995","2431202","2834143","2822563","2952159",
"Gyeongsangnam-do","Manufacture of Food Products and Tobacco Products","Substantial contribution","","",".03",".16",".12",".06",".04",".08",".2","-.03",".19",".12",".05",".02","-.18",".15",".09","-.1",".11",".02",".02",".16",".3","-.02",".01",".02","0","-.06",".09",".12",".04",".02","-.02",".01","0",".03","-.05",".08",".33","-.01",".1",
"Gyeongsangnam-do","Manufacture of Textiles and Leather","At current prices","","161698","177246","258328","240801","293311","238786","297975","375290","377980","443057","455467","529897","601911","537847","599879","604615","534260","522066","451674","480796","447190","507285","458925","449733","442853","511524","516667","522920","564816","588381","582382","583625","500868","485272","460697","508095","427241","464723","431704","406045",
"Gyeongsangnam-do","Manufacture of Textiles and Leather","At chained 2020 year prices","","613541","617810","820149","735051","858983","682387","703683","774272","702840","759848","730235","802872","848077","666925","794582","799169","702933","728754","619407","637266","603005","712251","751223","710298","577323","617935","579529","600247","645674","675645","648292","602675","551323","523095","468437","508095","446332","444195","363731","353859",
"Gyeongsangnam-do","Manufacture of Textiles and Leather","Substantial contribution","","",".01",".51","-.21",".26","-.34",".03",".11","-.11",".09","-.04",".09",".05","-.2",".27",".01","-.16",".04","-.14",".02","-.04",".12",".04","-.03","-.1",".04","-.03",".02",".04",".03","-.02","-.04","-.04","-.02","-.04",".03","-.05","0","-.07","-.01",
"Gyeongsangnam-do","Manufacture of Wood and  of Paper, printing and reproduction","At current prices","","89971","99758","122915","149896","177823","173643","210708","289907","344081","501225","555386","525923","502030","336842","469728","495481","506851","566132","568998","598291","600698","586316","554779","603960","708566","748121","753707","739046","839050","806509","817586","816353","775954","848930","809582","781501","881524","949879","1027063","1017620",
"Gyeongsangnam-do","Manufacture of Wood and  of Paper, printing and reproduction","At chained 2020 year prices","","413804","418564","493233","549709","630627","586230","631618","811827","881569","1085479","1139139","1078513","1028091","653839","830978","873245","819819","870268","897953","897789","905537","946787","911628","976056","1005229","966797","944723","879002","950420","913785","882497","861184","822262","825545","791120","781501","832525","829033","815186","839266",
"Gyeongsangnam-do","Manufacture of Wood and  of Paper, printing and reproduction","Substantial contribution","","",".01",".16",".11",".14","-.07",".06",".23",".08",".23",".06","-.06","-.04","-.29",".24",".06","-.07",".06",".03","0",".01",".04","-.03",".05",".02","-.03","-.02","-.05",".06","-.03","-.03","-.02","-.03","0","-.03","-.01",".04","0","-.01",".02",
"Gyeongsangnam-do","Manufacture of coal, fuel, chemical products","At current prices","","778423","994395","1051874","1390275","1461594","1597677","2483814","3317908","4073636","4227056","5471191","5676484","7664165","946486","1032342","1000237","1102018","1276311","1395019","1589214","2070812","2092737","2220383","2325740","2248453","2685616","2787472","3012318","3154635","3265361","3808018","3886626","3817191","3822559","3971042","3716129","3908853","3978473","4291961","4694881",
"Gyeongsangnam-do","Manufacture of coal, fuel, chemical products","At chained 2020 year prices","","1618631","1818596","1893926","2354115","2427456","2476942","4667702","6051719","7027313","7345890","8639160","9191368","11519141","1252305","1554427","1568304","1760432","1972017","2063436","2130305","2642839","3006693","3354739","3292352","2886918","3221469","3269878","3433003","3630855","3714972","4022025","4019392","4133520","4175265","4126178","3716129","3930489","3774180","3764125","3993846",
"Gyeongsangnam-do","Manufacture of coal, fuel, chemical products","Substantial contribution","","",".97",".36","1.96",".27",".17","6.44","2.8","1.68",".53","1.74",".69","2.6","-10.84",".6",".02",".27",".27",".11",".08",".62",".43",".35","-.05","-.34",".3",".04",".14",".17",".07",".26","0",".1",".03","-.04","-.33",".19","-.13","-.01",".19",
"Gyeongsangnam-do","Manufacture of Other Non-metallic Mineral Products and Metal Products","At current prices","","615542","726947","900785","1319179","1554447","1772170","1881325","2255055","2739469","3367835","3957898","4057876","4338474","3141553","3130269","3529937","3937822","4381554","4608188","5665200","6174007","6056655","6919908","7717300","8173457","8603731","9254061","9998700","9811618","9695200","10145755","9990212","9614513","9446087","9121560","8677261","9700751","11093150","12031031","13389567",
"Gyeongsangnam-do","Manufacture of Other Non-metallic Mineral Products and Metal Products","At chained 2020 year prices","","2014552","2263040","2528476","3170337","3761932","4385662","3954958","4901899","5328525","6368964","6846998","7044931","7201407","4580293","4782797","5329446","5742406","6243768","6382678","6993879","7557054","8024748","8181392","7831978","7360397","9035982","9332171","10118573","9822573","9768827","10540686","10113059","9657995","9492069","9080804","8677261","7552405","7061903","7225018","7672327",
"Gyeongsangnam-do","Manufacture of Other Non-metallic Mineral Products and Metal Products","Substantial contribution","","",".77",".75","1.75","1.55","1.46","-.79","1.71",".62","1.52",".59",".23",".16","-2.5",".36",".88",".61",".7",".18",".77",".74",".58",".17","-.39","-.56","2.14",".31",".81","-.29","-.05",".74","-.38","-.4","-.15","-.36","-.34","-.98","-.53",".2",".53",
"Gyeongsangnam-do","Manufacture of electrical, Precision Instruments","At current prices","","447247","552574","653257","912027","1018981","1293740","1250897","1497503","1712830","2287714","3139118","3012753","4278903","3568237","3861167","4981621","5066701","5739519","5211921","5964609","4831053","4859634","4422905","4800831","5222441","5624633","5133252","4642122","4620707","4326578","5265879","5190136","5973462","6104506","5688825","6089525","6621311","6915888","6713125","7199193",
"Gyeongsangnam-do","Manufacture of electrical, Precision Instruments","At chained 2020 year prices","","385984","487957","622744","779474","815978","994206","1006598","1159768","1247010","1442295","1814604","1898811","2685204","2129388","2538792","3434932","3743773","4359591","4149406","4626986","3955442","4840814","4981516","4283182","4785082","6052452","5487186","4868814","4757820","4536362","5272612","5092609","5800342","5971388","5782505","6089525","6893983","7091046","7038622","7008981",
"Gyeongsangnam-do","Manufacture of electrical, Precision Instruments","Substantial contribution","","","1.2","1.33","1.26",".27","1.26",".07",".72",".35",".76","1.38",".29","2.25","-1.4","1.8","3.34","1","1.7","-.51","1.05","-1.4","1.64",".2","-.82",".68","1.59","-.57","-.6","-.11","-.21",".68","-.16",".64",".16","-.17",".26",".7",".16","-.04","-.02",
"Gyeongsangnam-do","Manufacture of Machine and Transport Vehicles, other manufacturing n.e.c","At current prices","","1453980","1568346","1930095","2258461","2590536","3503550","4182024","5405336","5868905","8013382","8903476","9580396","9649840","5497476","5748595","6899624","7317912","7783210","8546140","9517805","11105028","12599575","15233187","18330167","18829035","19375188","20945786","22030130","20791972","20040405","19161386","20459335","18918385","19160904","20648697","17921196","16086869","18328152","24161990","28771200",
"Gyeongsangnam-do","Manufacture of Machine and Transport Vehicles, other manufacturing n.e.c","At chained 2020 year prices","","3544910","3765556","4513639","4816681","5107331","6284976","7383560","9297029","9834103","12025567","13360750","14138703","13733628","6817865","8044098","9269429","9479763","10169625","11197577","12108219","14101190","14314914","15816326","19301281","22326893","22644842","24044543","24842079","23657687","23150051","20430914","21699060","20209919","20456149","21467405","17921196","17806561","19701241","22911059","24640366",
"Gyeongsangnam-do","Manufacture of Machine and Transport Vehicles, other manufacturing n.e.c","Substantial contribution","","",".92","2.72",".99",".86","3.37","2.79","4.12",".98","3.72","2.08","1.02","-.5","-7.71","2.6","2.15",".35","1.08","1.46","1.21","2.53",".26","1.9","4.42","3.45",".31","1.31",".72","-1.05","-.44","-2.27","1.09","-1.24",".2",".82","-2.88","-.1","1.45","2.35","1.31",
"Gyeongsangnam-do","Professional, scientific and technical activities","At current prices","","59399","73499","81755","87628","112248","153277","187844","344535","365542","430496","473870","512119","608907","438960","436502","469621","473126","508547","664490","756070","829339","1163397","936311","1401009","1490520","1685003","1894882","2160398","2402806","2578028","2852717","2687004","2387744","2342744","2732644","2679547","2942602","3146701","3431836","3682102",
"Gyeongsangnam-do","Professional, scientific and technical activities","At chained 2020 year prices","","503252","584315","609414","669993","748004","799889","879060","1154163","1200479","1244043","1303873","1391705","1603920","1076303","1116792","1186278","1213541","1212013","1387182","1466715","1697296","2233489","1729784","2268477","2223300","2317139","2525641","2764359","3053355","3257339","3483715","3218675","2716794","2573072","2840742","2679547","2756440","2793037","2876170","2985205",
"Gyeongsangnam-do","Professional, scientific and technical activities","Substantial contribution","","",".1",".03",".06",".06",".04",".07",".22",".04",".04",".05",".06",".14","-.32",".04",".07",".02","0",".14",".07",".19",".4","-.38",".38","-.03",".07",".17",".19",".23",".16",".17","-.2","-.37","-.11",".21","-.13",".07",".03",".07",".09",
"Gyeongsangnam-do","Business facilities management and business support services; rental and leasing activities","At current prices","","21791","30051","44712","59593","74253","123586","130781","194276","228276","266063","313947","352475","490201","328189","295331","327126","304194","304542","404682","468628","530526","539604","705239","700978","754977","931128","1294275","1812114","1879696","1907033","2040928","2173768","2154402","2251981","2378691","2195292","2331972","2527754","2657308","2791972",
"Gyeongsangnam-do","Business facilities management and business support services; rental and leasing activities","At chained 2020 year prices","","61096","83913","119004","131934","142690","185864","201673","282746","320436","359758","393136","475317","628501","430907","449122","483196","448414","438771","577347","629990","687114","697036","928044","890753","943545","1125060","1587639","2142031","2216710","2202304","2271851","2407842","2352604","2376037","2466360","2195292","2300858","2394434","2401623","2465605",
"Gyeongsangnam-do","Business facilities management and business support services; rental and leasing activities","Substantial contribution","","",".08",".11",".04",".03",".13",".05",".2",".08",".08",".06",".13",".21","-.24",".04",".05","-.05","-.01",".18",".06",".07",".01",".26","-.04",".05",".17",".42",".47",".06","-.01",".06",".11","-.04",".02",".07","-.22",".09",".08",".01",".05",
"Jeju","GRDP at market prices","At current prices","","814565","909027","1101134","1315019","1628506","1978256","2492049","2775190","3081345","3773911","4495398","4868206","5285204","5210834","5678519","6157162","6599649","7416775","7941851","8711535","9037775","9346908","10070249","10447789","11490146","12072773","13128328","14135353","14926681","16197095","18142055","20020100","21672308","22040507","22267086","21668785","22757094","24282333","26094554","26928491",
"Jeju","GRDP at market prices","At chained 2020 year prices","","3392098","3530699","3973942","4398391","5296178","5492918","6149415","6877746","7038798","7536093","8431472","8757622","9177930","8589345","9161973","9966921","10670090","11226807","11479461","12183631","12172710","12476517","13184750","13317143","14075394","14355129","15281694","16250397","17059419","18292247","19717895","21100823","22564140","22777044","22951902","21668785","22346390","23364427","24143175","24229274",
"Jeju","GRDP at market prices","Substantial contribution","","","4.09","12.55","10.68","20.41","3.71","11.95","11.84","2.34","7.07","11.88","3.87","4.8","-6.41","6.67","8.79","7.06","5.22","2.25","6.13","-.09","2.5","5.68","1","5.69","1.99","6.45","6.34","4.98","7.23","7.79","7.01","6.93",".94",".77","-5.59","3.13","4.56","3.33",".36",
"Jeju","Mining and quarrying","At current prices","","1304","1389","2084","6280","8747","9062","15454","23456","20975","32684","32941","31501","42541","43272","46274","19614","24139","28588","44915","32011","34968","20480","24766","18761","29167","34587","39531","44544","49659","39457","40738","41759","32352","20791","10270","10999","18332","20044","25458","21162",
"Jeju","Mining and quarrying","At chained 2020 year prices","","6659","6052","9175","28253","39046","28939","43645","66979","59678","79847","79845","75991","96177","92055","109232","52794","58061","63567","85618","71361","62032","41466","47295","29594","46913","49477","48357","53284","56415","45397","40944","40400","29744","19496","9676","10999","19394","19301","19452","15642",
"Jeju","Mining and quarrying","Substantial contribution","","","-.01",".08",".39",".18","-.14",".23",".33","-.09",".23","0","-.04",".17","-.03",".15","-.42",".03",".03",".13","-.09","-.05","-.13",".03","-.09",".11",".01","-.01",".03",".02","-.06","-.02","0","-.06","-.05","-.05",".01",".04","0","0","-.02",
"Jeju","Manufacturing","At current prices","","35849","38450","42804","48722","66838","81029","88328","109785","118803","155517","130086","157362","160070","185305","193747","221386","232882","258787","277647","311312","331952","300057","361685","412129","481814","440969","474407","473207","513430","566864","681449","748068","818306","788754","749758","726089","766551","756914","802745","813780",
"Jeju","Manufacturing","At chained 2020 year prices","","132871","134884","142409","152117","202274","236145","230453","266896","262958","263416","278020","276603","281616","262188","315636","364046","376848","404150","426305","449503","485118","463149","520809","590397","605180","502358","525809","527925","565602","608624","706347","754917","834660","797689","758664","726089","773026","762677","752295","731426",
"Jeju","Manufacturing","Substantial contribution","","",".07",".24",".26","1.22",".69","-.1",".56","-.06",".01",".23","-.01",".06","-.21",".72",".52",".13",".26",".19",".19",".28","-.17",".4",".48",".1","-.71",".17",".01",".24",".26",".56",".26",".39","-.17","-.18","-.14",".22","-.05","-.04","-.09",
"Jeju","Manufacture of Food Products and Tobacco Products","At current prices","","20919","19407","22012","20748","24333","30558","29382","37786","48065","66566","60829","84127","84945","107324","113244","114347","106771","132001","132820","139569","152744","152149","177714","209777","275298","197043","222538","189449","208006","235196","268273","267805","290671","289933","280832","282637","294877","310180","324130","333472",
"Jeju","Manufacture of Food Products and Tobacco Products","At chained 2020 year prices","","183312","164253","171937","154456","161380","177516","154604","182534","205379","199243","252683","272148","278690","273827","324037","325567","304211","362063","355066","346825","379999","409825","401359","457209","455980","243733","259844","228654","245868","266457","290559","275235","297757","294476","286142","282637","305752","335755","312543","313851",
"Jeju","Manufacture of Food Products and Tobacco Products","Substantial contribution","","","-.27",".1","-.2",".07",".15","-.2",".21",".17","-.05",".47",".1",".04","-.03",".38",".01","-.12",".31","-.03","-.04",".15",".13","-.03",".25","-.01","-1.12",".11","-.2",".1",".12",".13","-.08",".11","-.01","-.04","-.02",".11",".13","-.09",".01",
"Jeju","Manufacture of Textiles and Leather","At current prices","","668","672","818","760","801","912","628","684","1122","1787","335","444","438","494","391","1227","1384","845","1094","930","2634","2958","2565","3115","3358","3867","4275","7963","8400","10359","8135","8192","8079","7560","7018","8207","7454","7332","7862","8546",
"Jeju","Manufacture of Textiles and Leather","At chained 2020 year prices","","2908","2686","2978","2661","2721","3030","1717","1633","2413","3153","670","749","713","676","616","1928","2167","1405","1785","1465","4221","5220","4553","4824","4403","4739","4959","9383","9859","12140","9190","8563","9006","8176","7131","8207","7758","7092","6616","7399",
"Jeju","Manufacture of Textiles and Leather","Substantial contribution","","","-.01",".01","-.01","0",".01","-.02","0",".01",".01","-.04","0","0","0","0",".01","0","-.01","0","0",".02",".01","0","0","0","0","0",".03","0",".01","-.02","0","0","0","0","0","0","0","0","0",
"Jeju","Manufacture of Wood and  of Paper, printing and reproduction","At current prices","","1685","1958","2635","3306","5674","8591","7959","10495","9485","8492","6049","6418","5950","6167","9435","15679","18936","17110","15372","15056","19604","20802","24992","30010","29680","25905","25339","31642","30070","33753","33671","37767","38764","50748","46097","43837","51052","45149","43868","40506",
"Jeju","Manufacture of Wood and  of Paper, printing and reproduction","At chained 2020 year prices","","3479","3688","4780","5469","12575","18148","14855","18284","15125","10982","7851","8020","7498","7280","10387","17201","19098","16399","15127","14089","18434","19924","28101","35868","36066","31235","29806","35931","32698","36444","35025","38545","39444","48439","44892","43837","49110","40900","37088","34440",
"Jeju","Manufacture of Wood and  of Paper, printing and reproduction","Substantial contribution","","",".01",".06",".03",".33",".15","-.08",".07","-.07","-.08","-.06","0","-.01","0",".05",".11",".03","-.04","-.02","-.01",".05",".02",".09",".07","0","-.03","-.01",".04","-.02",".02","-.01",".02","0",".04","-.02","0",".02","-.04","-.02","-.01",
"Jeju","Manufacture of coal, fuel, chemical products","At current prices","","1964","3456","3426","6025","9576","10021","13357","16983","11926","15044","14784","14050","17581","19818","18893","20633","22026","24956","26939","29626","33223","33877","34861","39781","33494","39032","39184","45750","54578","59305","72765","83029","84899","79139","83437","85854","93191","85100","79984","87106",
"Jeju","Manufacture of coal, fuel, chemical products","At chained 2020 year prices","","4514","6990","6753","11127","17377","17466","23300","28690","19017","19728","24413","19332","23960","21780","27080","30894","33646","36877","38106","37929","40516","37033","30539","44133","37146","45228","43817","50215","59993","64712","75205","83811","87435","83158","86028","85854","90590","84158","77331","84488",
"Jeju","Manufacture of coal, fuel, chemical products","Substantial contribution","","",".13","-.01",".2",".26","0",".17",".12","-.21",".01",".09","-.07",".07","-.03",".09",".05",".03",".03",".01","0",".02","-.03","-.06",".15","-.06",".06","-.01",".04",".06",".03",".06",".05",".02","-.02",".01","0",".02","-.03","-.03",".03",
"Jeju","Manufacture of Other Non-metallic Mineral Products and Metal Products","At current prices","","4904","5236","6397","7182","9521","17320","20204","22907","26326","39858","27850","31851","31992","32625","32659","43937","45854","42990","51938","56991","43490","41137","45432","53046","51923","81207","80106","107516","116159","131114","167919","203789","218333","180936","165294","137656","136301","132500","157968","136620",
"Jeju","Manufacture of Other Non-metallic Mineral Products and Metal Products","At chained 2020 year prices","","6997","6586","7814","8152","10694","20627","19826","21967","23980","29624","25535","24303","24067","19566","24729","34372","33978","30088","35975","37982","30879","30313","39936","41615","51802","81714","82515","109542","118989","130388","164142","198892","227529","187585","166556","137656","131148","114380","114418","95200",
"Jeju","Manufacture of Other Non-metallic Mineral Products and Metal Products","Substantial contribution","","","-.04",".11",".03",".17",".54","-.03",".09",".08",".2","-.15","-.03","-.01","-.11",".17",".22","-.01","-.08",".11",".04","-.12","-.01",".14",".02",".12",".26",".01",".2",".07",".07",".21",".2",".15","-.18","-.09","-.13","-.03","-.08","0","-.1",
"Jeju","Manufacture of electrical, Precision Instruments","At current prices","","0","0","2","2","5","5","11","11","64","16","1476","1205","832","1142","858","1586","1990","2725","3405","29994","40324","8671","31389","29749","33850","38329","44355","26701","22204","25549","39460","52782","83858","84299","73586","84527","104988","94241","104467","121589",
"Jeju","Manufacture of electrical, Precision Instruments","At chained 2020 year prices","","0","0","1","1","4","4","9","9","49","11","877","796","551","724","595","1157","1562","2192","2874","24715","34901","8393","29227","28376","29316","36279","42786","25386","20744","24576","37137","49814","72157","73933","72721","84527","106241","98876","130012","132590",
"Jeju","Manufacture of electrical, Precision Instruments","Substantial contribution","","","0","0","0","0","0","0","0","0","0",".03","0","-.01","0","0",".01",".01",".01",".01",".33",".14","-.34",".23","-.01",".01",".07",".06","-.14","-.03",".03",".08",".07",".12",".01","-.01",".05",".1","-.03",".12",".01",
"Jeju","Manufacture of Machine and Transport Vehicles, other manufacturing n.e.c","At current prices","","5709","7721","7514","10699","16928","13622","16787","20919","21815","23754","18763","19267","18332","17735","18267","23977","35921","38160","46079","39146","39933","40463","44732","46651","54211","55586","58610","64186","74013","71588","91226","94704","93702","96139","93494","83371","78688","82412","84466","85941",
"Jeju","Manufacture of Machine and Transport Vehicles, other manufacturing n.e.c","At chained 2020 year prices","","15801","21001","20248","26626","39560","33157","36233","39648","37212","32615","26059","24726","22910","20355","22973","30456","45084","47673","57347","45886","47293","53273","58142","58171","62307","67699","70272","77082","87476","83604","103409","104351","103463","102669","95444","83371","82427","83788","76694","72732",
"Jeju","Manufacture of Machine and Transport Vehicles, other manufacturing n.e.c","Substantial contribution","","",".23","-.03",".21",".4","-.17",".06",".06","-.05","-.09","-.13","-.02","-.03","-.04",".04",".1",".19",".03",".1","-.12",".01",".06",".04","0",".03",".04",".02",".04",".06","-.02",".1","0","0","0","-.03","-.05","0",".01","-.03","-.02",
"Jeju","Professional, scientific and technical activities","At current prices","","5633","7263","8250","9262","11070","16353","20488","29257","36872","37002","42605","43213","45411","50959","52941","61203","62695","82300","111716","121588","128840","134436","146646","163381","193975","203594","246828","296170","321758","338491","342234","406186","430345","429958","456417","527629","547120","552846","577125","574685",
"Jeju","Professional, scientific and technical activities","At chained 2020 year prices","","38363","51950","55719","67444","56587","67720","74209","87763","109517","95703","103020","100919","105438","110808","119834","135835","140598","173257","206632","212477","246352","243136","256098","252948","277136","270978","319454","369068","396450","414175","406103","474926","480414","465208","472479","527629","516054","498171","491743","475110",
"Jeju","Professional, scientific and technical activities","Substantial contribution","","",".24",".06",".16","-.11",".13",".08",".15",".26","-.15",".07","-.02",".04",".04",".08",".12",".03",".22",".21",".04",".22","-.02",".08","-.02",".15","-.04",".3",".29",".16",".1","-.04",".32",".02","-.06",".03",".24","-.05","-.08","-.03","-.07",
"Jeju","Business facilities management and business support services; rental and leasing activities","At current prices","","8932","12163","17032","20710","27434","50528","51979","55183","70521","71152","83919","78001","89998","87006","54991","80278","76025","121255","133967","158404","144616","191728","224817","233225","271235","329080","432309","526113","603380","709740","832252","833063","937706","957023","1099272","812534","898265","878650","1054626","1161345",
"Jeju","Business facilities management and business support services; rental and leasing activities","At chained 2020 year prices","","22373","27593","32869","40894","41284","47572","50148","53942","68358","63482","69969","70248","79517","82598","78664","114234","110229","131556","143323","160537","176146","235215","284173","286227","314206","375208","506339","600129","679708","787558","891766","875143","979119","977084","1112849","812534","888830","813160","904609","990832",
"Jeju","Business facilities management and business support services; rental and leasing activities","Substantial contribution","","",".26",".26",".38",".02",".26",".14",".16",".53","-.16",".19",".01",".21",".07","-.08",".44","-.05",".22",".15",".2",".18",".54",".43",".02",".22",".46",".95",".61",".49",".64",".58","-.09",".49","-.01",".6","-1.33",".35","-.34",".41",".39",
